,index,name,uri,wikipedia,abstract,cid,type,related_to,createdAt,abstract_contents,article_contents,category,super_category,relrel_concepts,link_ratio,entropy
0,0,K.G. (album),,https://en.wikipedia.org/wiki/K.G. (album),"K.G. (subtitled Explorations into Microtonal Tuning, Volume 2) is the sixteenth studio album by Australian psychedelic rock band King Gizzard & the Lizard Wizard, released on 20 November 2020 on Flightless in Australia and self-released in the U.K., U.S., and Europe. The album was preceded by four singles, the first three (""Honey"", ""Some of Us"" and ""Straws in the Wind"") were released alongside music videos uploaded to YouTube. K.G. is a sonic ""sequel"" to Flying Microtonal Banana, which was subtitled ""Explorations into Microtonal Tuning, Volume 1"" and also a direct predecessor to L.W..",6904b2349659f0dbeab3e9c9_concept_3180919009238657779,related_concept,KG,2025-10-28 15:20:18.881,['King'],[],set(),set(),0,1.575,5.528222818797823e-306
1,1,Kampfgruppe,,https://en.wikipedia.org/wiki/Kampfgruppe,"In military history, the German term Kampfgruppe (pl. Kampfgruppen; abbrev. KG, or KGr in Luftwaffe usage during World War II, literally ""fighting group"" or ""battlegroup"")  can refer to a combat formation of any kind, but most usually to that employed by the Wehrmacht of Nazi Germany and its allies during World War II, and, to a lesser extent, the German Empire in World War I.
It also referred to bomber groups in Luftwaffe usage, which themselves consisted of three or four Staffeln (squadrons), and usually (but not exclusively) existed within Kampfgeschwader bomber wings of three or four Kampfgruppen per wing.",6904b2349659f0dbeab3e9c9_concept_7449050049721348783,related_concept,KG,2025-10-28 15:20:18.881,"['Kampfgruppe', 'KG']",[],set(),set(),0,3.4269662921348316,5.3528069061608906e-306
2,2,Kammergericht,,https://en.wikipedia.org/wiki/Kammergericht,"The Kammergericht (KG) is the Oberlandesgericht, the highest state court, for the city-state of Berlin, Germany. As an ordinary court according to the German Courts Constitution Act (Gerichtsverfassungsgesetz), it deals with criminal and civil cases, superior to the local Amtsgerichte and the Landgericht Berlin. Its name differs from other state courts for historic reasons; it is the only court called Kammergericht in Germany.",6904b2349659f0dbeab3e9c9_concept_7700458205442155323,related_concept,KG,2025-10-28 15:20:18.881,"['Kammergericht', 'KG']",[],set(),set(),0,1.5217391304347827,5.338463706436301e-306
3,3,Kilogram,,https://en.wikipedia.org/wiki/Kilogram,"The kilogram (also spelled kilogramme) is the base unit of mass in the International System of Units (SI), equal to one thousand grams. It has the unit symbol kg. The word ""kilogram"" is formed from the combination of the metric prefix kilo- (meaning one thousand) and gram; it is commonly shortened to ""kilo"" (plural ""kilos"").
The kilogram is an SI base unit, defined ultimately in terms of three defining constants of the SI, namely a specific transition frequency of the caesium-133 atom, the speed of light, and the Planck constant.  A properly equipped metrology laboratory can calibrate a mass measurement instrument such as a Kibble balance as a primary standard for the kilogram mass.
The kilogram was originally defined in 1795 during the French Revolution as the mass of one litre of water (originally at 0 °C, later changed to the temperature of its maximum density, approximately 4 °C). The current definition of a kilogram agrees with this original definition to within 30 parts per million (0.003%). In 1799, the platinum Kilogramme des Archives replaced it as the standard of mass. In 1889, a cylinder composed of platinum–iridium, the International Prototype of the Kilogram (IPK), became the standard of the unit of mass for the metric system and remained so for 130 years, before the current standard was adopted in 2019.",6904b2349659f0dbeab3e9c9_concept_8780773119543305226,related_concept,KG,2025-10-28 15:20:18.881,['Kilogram'],[],set(),set(),0,19.481012658227847,5.5197594172156687e-306
4,4,Kyrgyzstan,,https://en.wikipedia.org/wiki/Kyrgyzstan,"Kyrgyzstan, officially the Kyrgyz Republic, is a landlocked country in Central Asia, lying in the Tian Shan and Pamir mountain ranges. It is bordered by Kazakhstan to the north, Uzbekistan to the west, Tajikistan to the south, and China to the east and southeast. Bishkek is the capital and largest city. Ethnic Kyrgyz make up the majority of the country's over 7 million people, followed by significant minorities of Uzbeks and Russians.
Kyrgyzstan's history spans a variety of cultures and empires. Although geographically isolated by its highly mountainous terrain, Kyrgyzstan has been at the crossroads of several great civilizations as part of the Silk Road along with other commercial routes. Inhabited by a succession of tribes and clans, Kyrgyzstan has periodically fallen under larger domination, for example the Turkic nomads, who trace their ancestry to many Turkic states. It was first established as the Yenisei Kyrgyz Khaganate. Later, in the 13th century, Kyrgyzstan was conquered by the Mongol Empire and under several Mongol dynasties; it regained independence, but was later invaded by the Dzungar Khanate. After the fall of Dzhungars, Kyrgyz and Kipchaks were an integral part of Kokand Khanate.
In 1876, Kyrgyzstan became part of the Russian Empire, and in 1936, the Kirghiz Soviet Socialist Republic was formed to become a constituent republic of the Soviet Union. Following Mikhail Gorbachev's democratic reforms in the USSR, in 1990 pro-independence candidate Askar Akayev was elected president. On 31 August 1991, Kyrgyzstan declared independence from the USSR and a democratic government was established. Kyrgyzstan attained sovereignty as a nation state after the breakup of the Soviet Union in 1991.

 After independence, Kyrgyzstan was officially a unitary presidential republic. Following the Tulip Revolution it became a unitary parliamentary republic; however, it gradually developed an executive president and was governed as a semi-presidential republic before reverting to a presidential system in 2021. Throughout its existence, the country has continued to endure ethnic conflicts, revolts, economic troubles, transitional governments and political conflict.
Kyrgyzstan is a member of the Commonwealth of Independent States, the Eurasian Economic Union, the Collective Security Treaty Organization, the Shanghai Cooperation Organisation, the Organisation of Islamic Cooperation, the Organization for Security and Cooperation in Europe, the Organization of Turkic States, the Türksoy community, and the United Nations. It is a developing country ranked 117th in the Human Development Index. Kyrgyzstan's transition economy relies mainly on re-exporting Chinese goods and gold production. The country balances its international trade commitments as a World Trade Organization (WTO) member since 1998 with regional integration through the Eurasian Economic Union (EAEU), which it joined in 2015, and a delegation of parliamentarians sit at the Parliamentary Assembly of the Council of Europe.",6904b2349659f0dbeab3e9c9_concept_7593785735264433032,related_concept,KG,2025-10-28 15:20:18.881,['Kyrgyzstan'],[],set(),set(),0,47.73373493975904,5.385047091743366e-306
5,5,Gauss (unit),,https://en.wikipedia.org/wiki/Gauss (unit),"The gauss (symbol: G, sometimes Gs) is a unit of measurement of magnetic induction, also known as magnetic flux density. The unit is part of the Gaussian system of units, which inherited it from the older centimetre–gram–second electromagnetic units (CGS-EMU) system. It was named after the German mathematician and physicist Carl Friedrich Gauss in 1936. One gauss is defined as one maxwell per square centimetre.
As the centimetre–gram–second system of units (cgs system) has been superseded by the International System of Units (SI), the use of the gauss has been deprecated by the standards bodies, but is still regularly used in various subfields of science, and preferred in astrophysics. The SI unit for magnetic flux density is the tesla (symbol T), which corresponds to 10,000gauss.",6904b2349659f0dbeab3e9c9_concept_5590919575709970876,related_concept,KG,2025-10-28 15:20:18.881,[],[],set(),set(),0,5.492957746478873,0.29754979403105525
6,6,Kagiso Rabada,,https://en.wikipedia.org/wiki/Kagiso Rabada,"Kagiso Rabada (born 25 May 1995) is a South African international cricketer who plays all formats of the game. He is a right arm fast bowler. He made his international debut in November 2014 in limited-overs cricket before going on to make his Test debut in November 2015. By January 2018, he had topped both the ODI bowler rankings and the Test bowler rankings aged 22. In July 2018, he became the youngest bowler to take 150 wickets in Tests. Rabada was a member of the South African team which won the 2025 ICC World Test Championship final, the second ICC title the country has won till date.
In July 2016, Rabada became the first cricketer to win six awards at Cricket South Africa's annual dinner, including the prize for Cricketer of the Year. In June 2018, he again won six awards at CSA's annual dinner, including Cricketer of the Year, Test Cricketer and ODI Cricketer of the Year. In August 2018, Wisden named him the best young player in the world. He has taken a hat-trick in all three formats of cricket. He is considered to be one of the best Test bowlers of his generation.",6904b2349659f0dbeab3e9c9_concept_4596446872681921036,related_concept,KG,2025-10-28 15:20:18.881,['Kagiso Rabada'],[],set(),set(),0,1.8908296943231442,0.44738806664392383
7,7,CJK Compatibility,,https://en.wikipedia.org/wiki/CJK Compatibility,"CJK Compatibility is a Unicode block containing square symbols (both CJK and Latin alphanumeric) encoded for compatibility with East Asian character sets. In Unicode 1.0, it was divided into two blocks, named CJK Squared Words (U+3300–U+337F) and CJK Squared Abbreviations (U+3380–U+33FF).
The square forms can have different presentations when they are used in horizontal or vertical text. 
For example, the characters U+333E ㌾ SQUARE BORUTO (from ボルト) and U+3327 ㌧ SQUARE TON (from トン) should look different in horizontal and in vertical right-to-left: ㌧㌾
Characters U+337B through U+337E are the Japanese era calendar scheme symbols Heisei (㍻), Shōwa (㍼), Taishō (㍽) and Meiji (㍾) (also available in certain legacy sets, such as the ""NEC special characters"" extension for JIS X 0208, as included in Microsoft's version and later JIS X 0213). The Reiwa era symbol (U+32FF ㋿ SQUARE ERA NAME REIWA) is in Enclosed CJK Letters and Months (the CJK Compatibility block having been fully allocated by the time of its commencement).",6904b2349659f0dbeab3e9c9_concept_3606182646201723703,related_concept,KG,2025-10-28 15:20:18.881,['CJK Compatibility'],[],set(),set(),0,0.7380952380952381,5.1613864327415364e-306
8,8,Kragujevac,,https://en.wikipedia.org/wiki/Kragujevac,"Kragujevac (Serbian Cyrillic: Крагујевац, pronounced [krǎɡujeʋats] ) is the fourth largest city in Serbia and the administrative centre of the Šumadija District. It is the historical centre of the geographical region of Šumadija in central Serbia, and is situated on the banks of the Lepenica River. According to the 2022 census, the city itself has a population of 146,318 while the city administrative area has 171,186 inhabitants.
Kragujevac was the first capital of modern Serbia and the first constitution in the Balkans, the Sretenje Constitution, was proclaimed in the city in 1835. A unit of the Scottish Women's Hospitals for Foreign Service was located there in World War I. During the Second World War, Kragujevac was the site of a massacre by the Nazis in which 2,778 Serb men and boys were killed.
Modern Kragujevac is known for its large munitions (Zastava Arms) and automobile (Fiat Serbia) industries, as well as its status as an education centre housing the University of Kragujevac, one of the region's largest higher education institutions.",6904b2349659f0dbeab3e9c9_concept_3084382218523536970,related_concept,KG,2025-10-28 15:20:18.881,['Kragujevac'],[],set(),set(),0,2.186379928315412,0.1907167816551321
9,9,.kg,,https://en.wikipedia.org/wiki/.kg,".kg is the Internet country code top-level domain (ccTLD) for Kyrgyzstan. Although registrations are normally at the second level, there are some specialized third-level registrations such as those under gov.kg and mil.kg.",6904b2349659f0dbeab3e9c9_concept_6658701008950060421,related_concept,KG,2025-10-28 15:20:18.881,"['Kyrgyzstan', '.kg']",[],set(),set(),0,0.9142857142857143,5.383287255997774e-306
10,10,Kamal Haasan's unrealized projects,,https://en.wikipedia.org/wiki/Kamal Haasan's unrealized projects,"Kamal Haasan is an Indian actor, director, producer, screenwriter, playback singer and lyricist who predominantly works in Tamil cinema. He has also worked as an assistant director, choreographer, editor, make-up artist, narrator, television host, and a distributor of films. Some of his projects did not progress to post-production, fell into production limbo or were officially cancelled.",6904b2349659f0dbeab3e9c9_concept_5910794409973126657,related_concept,KG,2025-10-28 15:20:18.881,[],[],set(),set(),0,0.21678321678321677,0.5867947410710708
11,11,Kampong,,https://en.wikipedia.org/wiki/Kampong,"A kampong (this term is in Za'aba Spelling, kampung in both modern Malay and Indonesian) is a term for a type of village in Brunei, Indonesia, Malaysia, Philippines, and Singapore and a 'dock' in Cambodia. The term applies to traditional villages, especially of indigenous peoples. 
This term has also been used to refer to urban slum areas or enclosed developments and neighborhoods within towns and cities in Brunei, Indonesia, Malaysia, Singapore, Philippines, Cambodia, Sri Lanka, and Christmas Island. The design and architecture of traditional kampong villages have been targeted for reform by urbanists and modernists. These villages have also been adapted by contemporary architects for various projects.",6904b2349659f0dbeab3e9c9_concept_4073030991916172521,related_concept,KG,2025-10-28 15:20:18.881,[],[],set(),set(),0,1.0797872340425532,5.18062241157373e-306
12,12,Kindergarten,,https://en.wikipedia.org/wiki/Kindergarten,"Kindergarten is a preschool educational approach based on playing, singing, practical activities such as drawing, and social interaction as part of the transition from home to school. Such institutions were originally made in the late 18th century in Germany and Alsace to serve children whose parents both worked outside home. The term was coined by German pedagogue Friedrich Fröbel, whose approach globally influenced early-years education. Today, the term is used in many countries to describe a variety of educational institutions and learning spaces for children ranging from two to six years of age, based on a variety of teaching methods.",6904b2349659f0dbeab3e9c9_concept_8295302237365065135,related_concept,KG,2025-10-28 15:20:18.881,['Kindergarten'],[],set(),set(),0,8.206266318537859,0.354375645804204
13,13,Kongo language,,https://en.wikipedia.org/wiki/Kongo language,"Kongo or Kikongo is one of the Bantu languages spoken by the Kongo people living in the Democratic Republic of the Congo (DRC), the Republic of the Congo, Gabon, and Angola. It is a tonal language. The vast majority of present-day speakers live in Africa. There are roughly seven million native speakers of Kongo in the above-named countries. An estimated five million more speakers use it as a second language.
Historically, it was spoken by many of those Africans who for centuries were taken captive, transported across the Atlantic,  and sold as slaves in the Americas. For this reason, creolized forms of the language are found in ritual speech of Afro-American religions, especially in Brazil, Cuba, Puerto Rico, Dominican Republic, Haiti, and Suriname. It is also one of the sources of the Gullah language, which formed in the Low Country and Sea Islands of the United States Southeast, and a major source of the Palenquero language of Colombia.",6904b2349659f0dbeab3e9c9_concept_5878833274850006360,related_concept,KG,2025-10-28 15:20:18.881,[],[],set(),set(),0,1.532258064516129,0.15520300251704083
14,14,Kommanditgesellschaft,,https://en.wikipedia.org/wiki/Kommanditgesellschaft,"A Kommanditgesellschaft (abbreviated KG, pronounced [kɔmanˈdɪtɡəˌzɛlʃaft]; from Kommandite + Gesellschaft) is the German name for a limited partnership business entity and is used in German, Belgian, Dutch, Austrian, and some other European legal systems. In Japan, it is called a gōshi gaisha. Its name derives from the commenda, an early Italian medieval form of limited partnership. In Indonesia, it is legally called commanditaire vennootschap (CV) or Persekutuan Komanditer, derived from colonial Dutch administration.",6904b2349659f0dbeab3e9c9_concept_3584041629040083912,related_concept,KG,2025-10-28 15:20:18.881,"['Kommanditgesellschaft', 'KG']",[],set(),set(),0,1.3302752293577982,5.261916547005955e-306
15,15,Metacentric height,,https://en.wikipedia.org/wiki/Metacentric height,"The metacentric height (GM) is a measurement of the initial static stability of a floating body. It is calculated as the distance between the centre of gravity of a ship and its metacentre. A larger metacentric height implies greater initial stability against overturning. The metacentric height also influences the natural period of rolling of a hull, with very large metacentric heights being associated with shorter periods of roll which are uncomfortable for passengers. Hence, a sufficiently, but not excessively, high metacentric height is considered ideal for passenger ships.",6904b2349659f0dbeab3e9c9_concept_4239391138617191423,related_concept,KG,2025-10-28 15:20:18.881,[],[],set(),set(),0,4.9605263157894735,0.18032067100598856
16,16,Kompas Gramedia Group,,https://en.wikipedia.org/wiki/Kompas Gramedia Group,"Kompas Gramedia is a major Indonesian media company.  It engages in several businesses, predominantly mass media, as well as hospitality, manufacturing, and event organizing.
The company's businesses consist of multiple divisions, such as media assets (including the Kompas daily newspaper; the Kompas TV television network; the Sonora radio network; the Gramedia bookstore chain, the Santika Indonesia hospitality chain, Dyandra event organization firm, and Graha Bumi Hijau, a tissue paper manufacturer known for its flagship brand, Tessa.",6904b2349659f0dbeab3e9c9_concept_5812725902719889173,related_concept,KG,2025-10-28 15:20:18.881,[],[],set(),set(),0,1.0608695652173914,0.26122572095305496
17,17,Kay Gee,,https://en.wikipedia.org/wiki/Kay Gee,"Kay Gee may refer to:

Kay Gee, Indian cinematographer, see Silsila, Deewaar
Kier Gist, or KayGee, American DJ, record producer and member of Naughty by Nature",6904b2349659f0dbeab3e9c9_concept_6272005820450695981,related_concept,KG,2025-10-28 15:20:18.881,['Kay Gee'],[],set(),set(),0,0.5,0.6052957039615998
18,18,K. G. Cunningham,,https://en.wikipedia.org/wiki/K. G. Cunningham,"Kenneth George (KG) Cunningham  (born 26 July 1939 in Adelaide, South Australia) is an Australian radio personality, and a former cricketer and football umpire.",6904b2349659f0dbeab3e9c9_concept_7531634192238881917,related_concept,KG,2025-10-28 15:20:18.881,['KG'],[],set(),set(),0,0.7708333333333334,0.2543391198743687
19,19,King,,https://en.wikipedia.org/wiki/King,"King is a royal title given to a male monarch. A king is an absolute monarch if he holds unrestricted governmental power or exercises full sovereignty over a nation. Conversely, he is a constitutional monarch if his power is restrained by fixed laws. Kings are hereditary monarchs when they inherit power by birthright and elective monarchs when chosen to ascend the throne.

In the context of prehistory, antiquity and contemporary indigenous peoples, the title may refer to tribal kingship. Germanic kingship is cognate with Indo-European traditions of tribal rulership (cf. Indic rājan, Gothic reiks, and Old Irish rí, etc.).
In the context of classical antiquity, king may translate in Latin as rex and in Greek as archon or basileus.
In classical European feudalism, the title of king as the ruler of a kingdom is understood to be the highest rank in the feudal order, potentially subject, at least nominally, only to an emperor (harking back to the client kings of the Roman Republic and Roman Empire).
In a modern context, the title may refer to the ruler of one of a number of modern monarchies (either absolute or constitutional). The title of king is used alongside other titles for monarchs: in the West, emperor, grand prince, prince, archduke, duke or grand duke, and in the Islamic world, malik, sultan, emir or hakim, etc.
The city-states of the Aztec Empire each had a tlatoani. These were the kings of pre-Hispanic Mesoamerica. The Huey Tlatoani was the emperor of the Aztecs.
The term king may also refer to a king consort, a title that is sometimes given to the husband of a queen regnant, but the title of prince consort is more common.",6904b2349659f0dbeab3e9c9_concept_4787574459401381974,related_concept,KG,2025-10-28 15:20:18.881,['King'],[],set(),set(),0,4.924632352941177,0.2880760637598732
20,20,KG,,https://en.wikipedia.org/wiki/KG,"KG, Kg, kG or kg may refer to:",6904b2349659f0dbeab3e9c9_concept_6432181974215657076,main_concept,,2025-10-28 15:20:18.881,['KG'],[],set(),set(),0,1.3333333333333333,5.554069927832567e-306
21,21,Social graph,,https://en.wikipedia.org/wiki/Social graph,"A social graph is a graph that represents social relations between entities. It is a model or representation of a social network. The social graph has been referred to as ""the global mapping of everybody and how they're related"".
The term was used as early as 1964, albeit in the context of isoglosses. Leo Apostel uses the term in the context here in 1978. The concept was originally called sociogram.
The term was popularized at the Facebook F8 conference on May 24, 2007, when it was used to explain how the newly introduced Facebook Platform would take advantage of the relationships between individuals to offer a richer online experience. The definition has been expanded to refer to a social graph of all Internet users.
Since explaining the concept of the social graph, Mark Zuckerberg, one of the founders of Facebook, has often touted Facebook's goal of offering the website's social graph to other websites so that a user's relationships can be put to use on websites outside Facebook's control.",6904b2349659f0dbeab3e9c9_concept_5040291345679939350,related_concept,Social networking service,2025-10-28 15:20:18.881,[],[],set(),set(),0,1.3201219512195121,1.7229414926628762e-306
22,22,Online community,,https://en.wikipedia.org/wiki/Online community,"An online community, also called an internet community or web community, is a community whose members engage in computer-mediated communication primarily via the Internet. Members of the community usually share common interests. For many, online communities may feel like home, consisting of a ""family of invisible friends"". Additionally, these ""friends"" can be connected through gaming communities and gaming companies.
An online community can act as an information system where members can post, comment on discussions, give advice or collaborate, and includes medical advice or specific health care research as well. Commonly, people communicate through social networking sites, chat rooms, forums, email lists, and discussion boards, and have advanced into daily social media platforms as well. This includes Facebook, Twitter, Instagram, Discord, Reddit, and dedicated professional communities like LinkedIn. People may also join online communities through video games, blogs, and virtual worlds, and could potentially meet new significant others in dating sites or dating virtual worlds.
The rise in popularity of Web 2.0 websites has allowed for easier real-time communication and connection to others and facilitated the introduction of new ways for information to be exchanged. Yet, these interactions may also lead to a downfall of social interactions or deposit more negative and derogatory forms of speaking to others, in connection, surfaced forms of racism, bullying, sexist comments, etc. may also be investigated and linked to online communities.
One scholarly definition of an online community is this: ""a virtual community is defined as an aggregation of individuals or business partners who interact around a shared interest, where the interaction is partially supported or mediated by technology (or both) and guided by some protocols or norms"".",6904b2349659f0dbeab3e9c9_concept_2092186866825436691,related_concept,Social networking service,2025-10-28 15:20:18.881,[],[],set(),set(),0,1.9451697127937337,1.721144662767003e-306
23,23,Geosocial networking,,https://en.wikipedia.org/wiki/Geosocial networking,"Geosocial networking is a type of social networking in which geographic services and capabilities such as geocoding and geotagging are used to enable additional social dynamics.  User-submitted location data or geolocation techniques can allow social networks to connect and coordinate users with local people or events that match their interests. Geolocation on web-based social network services can be IP-based or use hotspot trilateration. For mobile social networks, texted location information or mobile phone tracking can enable location-based services to enrich social networking.",6904b2349659f0dbeab3e9c9_concept_1630670233898621225,related_concept,Social networking service,2025-10-28 15:20:18.881,['Geosocial networking'],[],set(),set(),0,1.5263157894736843,0.13539742489798412
24,24,Personal network,,https://en.wikipedia.org/wiki/Personal network,"A personal network is a set of human contacts known to an individual, with whom that individual would expect to interact at intervals to support a given set of activities. In other words, a personal network is a group of caring, dedicated people who are committed to maintain a relationship with a person in order to support a given set of activities. Having a strong personal network requires being connected to a network of resources for mutual development and growth.
Personal networks can be understood by:

who knows you
what you know about them
what they know about you
what are you learning together
how you work at that
Personal networks are intended to be mutually beneficial, extending the concept of teamwork beyond the immediate peer group.  The term is usually encountered in the workplace, though it could apply equally to other pursuits outside work.
Personal networking is the practice of developing and maintaining a personal network, which is usually undertaken over an extended period.
The concept is related to business networking and is often encouraged by large organizations, in the hope of improving productivity, and so a number of tools exist to support the maintenance of networks. Many of these tools are IT-based, and use Web 2.0 technologies.",6904b2349659f0dbeab3e9c9_concept_1842432632278088397,related_concept,Social networking service,2025-10-28 15:20:18.881,['Personal network'],[],set(),set(),0,1.131578947368421,0.11673559004244381
25,25,Social network hosting service,,https://en.wikipedia.org/wiki/Social network hosting service,"A social network hosting service is a web hosting service that specifically hosts the user creation of web-based social networking services, alongside related applications. Such services are also known as vertical social networks due to the creation of SNSes which cater to specific user interests and niches; like larger, interest-agnostic SNSes, such niche networking services may also possess the ability to create increasingly niche groups of users.",6904b2349659f0dbeab3e9c9_concept_1385529946639390220,related_concept,Social networking service,2025-10-28 15:20:18.881,[],[],set(),set(),0,1.1178571428571429,0.11565265004194643
26,26,Social web,,https://en.wikipedia.org/wiki/Social web,"The social web is a set of social relations that link people through the World Wide Web. The social web encompasses how websites and software are designed and developed in order to support and foster social interaction. These online social interactions form the basis of much online activity including online shopping, education, gaming and social networking services. The social aspect of Web 2.0 communication has been to facilitate interaction between people with similar tastes.  These tastes vary depending on who the target audience is, and what they are looking for.  For individuals working in the public relation department, the job is consistently changing and the impact is coming from the social web.  The influence held by the social network is large and ever changing.
As people's activities on the Web and communication increase, information about their social relationships become more available. Social networking services such as  Facebook enable people and organizations to contact each other with persistent human-friendly names. Today hundreds of millions of Internet users are using thousands of social websites to stay connected with their friends, discover new ""friends"", and to share user-created content, such as photos, videos, social bookmarks, and blogs, even through mobile platform support for cell phones. By the second quarter in 2017, Facebook reported 1.86 billion members, and, in 2008, MySpace occupied 100 million users and YouTube had more than 100 million videos and 2.9 million user channels, and these numbers are consistently growing. The social Web is quickly reinventing itself, moving beyond simple web applications that connect individuals to live an entirely new way of life.",6904b2349659f0dbeab3e9c9_concept_885720264922574984,related_concept,Social networking service,2025-10-28 15:20:18.881,['Social networking service'],[],set(),set(),0,1.0572916666666667,1.7224719921624624e-306
27,27,Sociology of the Internet,,https://en.wikipedia.org/wiki/Sociology of the Internet,"The sociology of the Internet, also known as the social psychology of the Internet, studies how sociological and social psychological theories and methods apply to the Internet as a source of information and communication. It examines the social implications of technology, including new social networks, virtual communities, online interactions, and issues such as cybercrime. A related field, digital sociology, focuses on understanding digital media as a part of everyday life and its influence on social relationships, behavior, and identity.
The Internet, as a major information breakthrough, is of interest to sociologists both as a research tool and as a subject of study. It enables online surveys, discussion platforms, and other methods of data collection. The sociology of the Internet focuses on online communities, virtual worlds, and organizational changes driven by digital media, as well as broader social transformations from industrial to information societies. Researchers examine online communities using statistical methods, such as network analysis, and qualitative approaches, including virtual ethnography. Social change is studied through demographic data or the interpretation of evolving messages and symbols in digital media.",6904b2349659f0dbeab3e9c9_concept_8293801962405785779,related_concept,Social networking service,2025-10-28 15:20:18.881,[],[],set(),set(),0,1.3277661795407099,0.12544038181022138
28,29,Corporate social media,,https://en.wikipedia.org/wiki/Corporate social media,"Corporate social media is the use of social media platforms, social media communications and social media marketing techniques by and within corporations, ranging from small businesses and tiny entrepreneurial startups to mid-size businesses and huge multinational firms. Within the definition of social media, there are different ways corporations utilize it. Although there is no systematic way in which social media applications can be categorized, there are various methods and approaches to having a strong social media presence. 
Social media currently can be crucial to the success of growing numbers in a companies value chain activities. For marketers, Social media is a mandatory element within the promotional mix. Marketers also need to understand that marketing on social media can come with difficulties and challenges, and face both reputation and economic risks. This big push to move to Social Media to is thought to create a better experience with the consumers, as corporations are able to target specific content to their target audience. Another benefit for corporations through usage of media is that this will attract more people, and in return also create a more well known brand.",6904b2349659f0dbeab3e9c9_concept_6754388687291251384,related_concept,Social networking service,2025-10-28 15:20:18.881,"['Corporate social media', 'Social media']",[],set(),set(),0,0.9941176470588236,0.13756578180939516
29,30,Mobile social network,,https://en.wikipedia.org/wiki/Mobile social network,"Mobile social networking is social networking where individuals with similar interests converse and connect with one another through their mobile phone and/or tablet. Much like web-based social networking, mobile social networking occurs in virtual communities.
Many web-based social networking sites, such as Facebook and Twitter, have created mobile applications to give their users instant and real-time access from anywhere they have access to the Internet. Additionally, native mobile social networks have been created to allow communities to be built around mobile functionality.
More and more, the line between mobile and web is being blurred as mobile apps use existing social networks to create native communities and promote discovery, and web-based social networks take advantage of mobile features and accessibility.
As mobile web evolved from proprietary mobile technologies and networks, to full mobile access to the Internet, the distinction changed to the following types:

Web-based social networks being extended for mobile access through mobile browsers and smartphone apps
Native mobile social networks with dedicated focus on mobile use such as mobile communication, location-based services, and augmented reality
While mobile and web-based social networking systems often work symbiotically to spread content, increase accessibility, and connect users, consumers are increasingly spending their attention on native apps compared to web browsers.",6904b2349659f0dbeab3e9c9_concept_6533452253282268369,related_concept,Social networking service,2025-10-28 15:20:18.881,['Mobile social network'],[],set(),set(),0,1.0264150943396226,1.6949544462600057e-306
30,31,Privacy concerns with social networking services,,https://en.wikipedia.org/wiki/Privacy concerns with social networking services,"Since the arrival of early social networking sites in the early 2000s, online social networking platforms have expanded exponentially, with the biggest names in social media in the mid-2010s being Facebook, Instagram, Twitter and Snapchat. The massive influx of personal information that has become available online and stored in the cloud has put user privacy at the forefront of discussion regarding the database's ability to safely store such personal information. The extent to which users and social media platform administrators can access user profiles has become a new topic of ethical consideration, and the legality, awareness, and boundaries of subsequent privacy violations are critical concerns in advance of the technological age.
A social network is a social structure made up of a set of social actors (such as individuals or organizations), sets of dyadic ties, and other social interactions between actors. Privacy concerns with social networking services is a subset of data privacy, involving the right of mandating personal privacy concerning storing, re-purposing, provision to third parties, and displaying of information pertaining to oneself via the Internet. Social network security and privacy issues result from the large amounts of information these sites process each day. Features that invite users to participate in—messages, invitations, photos, open platform applications and other applications are often the venues for others to gain access to a user's private information. In addition, the technologies needed to deal with user's information may intrude their privacy.
The advent of the Web 2.0 has caused social profiling and is a growing concern for internet privacy. Web 2.0 is the system that facilitates participatory information sharing and collaboration on the Internet, in social networking media websites like Facebook and MySpace. These social networking sites have seen a boom in their popularity beginning in the late 2000s. Through these websites many people are giving their personal information out on the internet. These social networks keep track of all interactions used on their sites and save them for later use. Issues include cyberstalking, location disclosure, social profiling, third party personal information disclosure, and government use of social network websites in investigations without the safeguard of a search warrant.",6904b2349659f0dbeab3e9c9_concept_7664470729024734414,related_concept,Social networking service,2025-10-28 15:20:18.881,['Privacy concerns with social networking services'],[],set(),set(),0,2.506787330316742,1.7171921987490093e-306
31,32,Enterprise social networking,,https://en.wikipedia.org/wiki/Enterprise social networking,"Enterprise social networking focuses on the use of online social networks or social relations among people who share business interests and/or activities. Enterprise social networking is often a facility of enterprise social software (regarded as a primary component of Enterprise 2.0), which is essentially  social software used in ""enterprise"" (business/commercial) contexts.  It encompasses modifications to corporate intranets (referred to as social intranets) and other classic software platforms used by large companies to organize their communication, collaboration and other aspects of their intranets. Enterprise social networking is also generally thought to include the use of a standard external social networking service to generate visibility for an enterprise.",6904b2349659f0dbeab3e9c9_concept_5573217436630215954,related_concept,Social networking service,2025-10-28 15:20:18.881,['Enterprise social networking'],[],set(),set(),0,1.110236220472441,1.7491067326526633e-306
32,33,List of social networking services,,https://en.wikipedia.org/wiki/List of social networking services,"A social networking service is an online platform that people use to build social networks or social relationships with other people who share similar personal or career interests, activities, backgrounds or real-life connections.
This is a list of notable active social network services, excluding online dating services, that have Wikipedia articles. For defunct social networking websites, see List of defunct social networking services.",6904b2349659f0dbeab3e9c9_concept_4855504606169212724,related_concept,Social networking service,2025-10-28 15:20:18.881,[],[],set(),set(),0,1.1220825852782765,0.10466580229936932
33,34,Distributed social network,,https://en.wikipedia.org/wiki/Distributed social network,"A distributed social network (not to be confused with a decentralized or federated social network) is a network wherein all participating social networking services can communicate with each other through a unified communication protocol, and all participants are equal. Users that reside on a compatible service can interact with any user from any compatible service without having to log on to the origin's website. From a societal perspective, one may compare this concept to that of social media being a public utility. Federated social networks contrast with social network aggregation services, which are used to manage accounts and activities across multiple discrete social networks that cannot communicate with each other. A popular example for a federated social network is the fediverse, with more niche examples such as IndieWeb complementing the network.
Services that want to natively connect into a federated social network need to be interoperable with both the majority of content that the network produces (either through converting the content into the service's native format or by adding the ability to read the content in its intended presentation) and the common protocol that the services use. The protocols that are used for federated social networking are generally portable and independent of a service's architecture so it can be easily adopted across various services without requiring a refactoring of its design to accommodate the network, although platforms that do incorporate support for a federated network typically do so to improve the user experience and make the network's effects more clear for users.
A few social networking service providers have used the term more broadly to describe provider-specific services that can be installed across different websites, typically through added widgets or plugins. Through the add-ons, the social network functionality is redirected to the users' social networking service.",6904b2349659f0dbeab3e9c9_concept_4499801517463880896,related_concept,Social networking service,2025-10-28 15:20:18.881,[],[],set(),set(),0,1.27007299270073,1.717063018678957e-306
34,35,Social network advertising,,https://en.wikipedia.org/wiki/Social network advertising,"Social network advertising, also known as social media targeting, is a group of terms used to describe forms of online advertising and digital marketing that focus on social networking services. A significant aspect of this type of advertising is that advertisers can take advantage of users' demographic information, psychographics, and other data points to target their ads.
Social media targeting combines targeting options (such as geotargeting, behavioural targeting, and socio-psychographic targeting) to make detailed target group identification possible. Essential factors also include users' likes, comments, views, and follows on social media platforms. With social media targeting, advertisements are distributed based on information gathered from target group profiles.
Social network advertising differs from social media targeting. Social media targeting enhances advertising by leveraging profile data to deliver ads directly to individual users. Conversely, social network advertising involves aligning social network users with target groups specified by the advertiser. Social media advertising encompasses the creation of content on social media platforms, interaction with followers, and the execution of advertisements.",6904b2349659f0dbeab3e9c9_concept_1719535292903308632,related_concept,Social networking service,2025-10-28 15:20:18.881,"['Social network advertising', 'Social media']",[],set(),set(),0,1.2986577181208054,0.15532821373258437
35,36,Social media and psychology,,https://en.wikipedia.org/wiki/Social media and psychology,"Social media began in the form of generalized online communities. These online communities formed on websites like Geocities.com in 1994, Theglobe.com in 1995, and Tripod.com in 1995. Many of these early communities focused on social interaction by bringing people together through the use of chat rooms. The chat rooms encouraged users to share personal information, ideas, or even personal web pages. Later the social networking community Classmates took a different approach by simply having people link to each other by using their personal email addresses. By the late 1990s, social networking websites began to develop more advanced features to help users find and manage friends. These newer generation of social networking websites began to flourish with the emergence of SixDegrees.com in 1997, Makeoutclub in 2000, Hub Culture in 2002, and Friendster in 2002. However, the first profitable mass social networking website was the South Korean service, Cyworld. Cyworld initially launched as a blog-based website in 1999 and social networking features were added to the website in 2001. Other social networking websites emerged like Myspace in 2002, LinkedIn in 2003, and Bebo in 2005. In 2009, the social networking website Facebook (launched in 2004) became the largest social networking website in the world. Both Instagram and Kik were launched in October 2010. Active users of Facebook increased from just a million in 2004 to over 750 million by the year 2011. Making internet-based social networking both a cultural and financial phenomenon. In September 2011, Snapchat was launched and reported over 300 million users in 2021.",6904b2349659f0dbeab3e9c9_concept_7539893982590861421,related_concept,Social networking service,2025-10-28 15:20:18.881,['Social media'],[],set(),set(),0,1.0596026490066226,1.721869582737678e-306
36,37,Social media,,https://en.wikipedia.org/wiki/Social media,"Social media are new media technologies that facilitate the creation, sharing and aggregation of content (such as ideas, interests, and other forms of expression) amongst virtual communities and networks. Common features include:

Online platforms  enable users to create and share content and participate in social networking.
User-generated content—such as text posts or comments, digital photos or videos, and data generated through online interactions.
Service-specific profiles that are designed and maintained by the social media organization.
Social media helps the development of online social networks by connecting a user's profile with those of other individuals or groups.
The term social in regard to media suggests platforms enable communal activity. Social media enhances and extends human networks. Users access social media through web-based apps or custom apps on mobile devices. These interactive platforms allow individuals, communities, businesses, and organizations to share, co-create, discuss, participate in, and modify user-generated or self-curated content. Social media is used to document memories, learn, and form friendships. They may be used to promote people, companies, products, and ideas. Social media can be used to consume, publish, or share news.
Social media platforms can be categorized based on their primary function. 

Social networking sites like Facebook and LinkedIn focus on building personal and professional connections.
Microblogging platforms, such as Twitter (now X), Threads and Mastodon, emphasize short-form content and rapid information sharing.
Media sharing networks, including Instagram, TikTok, YouTube, and Snapchat, allow users to share images, videos, and live streams.
Discussion and community forums like Reddit, Quora, and Discord facilitate conversations, Q&A, and niche community engagement.
Live streaming platforms, such as Twitch, Facebook Live, and YouTube Live, enable real-time audience interaction.
Decentralized social media platforms like Mastodon and Bluesky aim to provide social networking without corporate control, offering users more autonomy over their data and interactions.
Popular social media platforms with over 100 million registered users include Twitter, Facebook, WeChat, ShareChat, Instagram, Pinterest, QZone, Weibo, VK, Tumblr, Baidu Tieba, Threads and LinkedIn. Depending on interpretation, other popular platforms that are sometimes referred to as social media services include YouTube, Letterboxd, QQ, Quora, Telegram, WhatsApp, Signal, LINE, Snapchat, Viber, Reddit, Discord, and TikTok. Wikis are examples of collaborative content creation.
Social media outlets differ from old media (e.g. newspapers, TV, and radio broadcasting) in many ways, including quality, reach, frequency, usability, relevancy, and permanence. Social media outlets operate in a dialogic transmission system (many sources to many receivers) while traditional media operate under a monologic transmission model (one source to many receivers). For instance, a newspaper is delivered to many subscribers, and a radio station broadcasts the same programs to a city.
Social media has been criticized for a range of negative impacts on children and teenagers, including exposure to inappropriate content, exploitation by adults, sleep problems, attention problems, feelings of exclusion, and various mental health maladies. Social media has also received criticism as worsening political polarization and undermining democracy, exacerbated by platform capture by vested interests, with journalist Maria Ressa deeming it ""toxic sludge"" for increasing distrust among members of society. Major news outlets often have strong controls in place to avoid and fix false claims, but social media's unique qualities bring viral content with little to no oversight. ""Algorithms that track user engagement to prioritize what is shown tend to favor content that spurs negative emotions like anger and outrage. Overall, most online misinformation originates from a small minority of ""superspreaders,"" but social media amplifies their reach and influence.""",6904b2349659f0dbeab3e9c9_concept_4955315386045340410,related_concept,Social networking service,2025-10-28 15:20:18.881,['Social media'],[],set(),set(),0,12.969951923076923,0.13970223105674087
37,38,Social software,,https://en.wikipedia.org/wiki/Social software,"Social software, also known as social apps or social platform includes communications and interactive tools that are often based on the Internet. Communication tools typically handle capturing, storing and presenting communication, usually written but increasingly including audio and video as well. Interactive tools handle mediated interactions between a pair or group of users. They focus on establishing and maintaining a connection among users, facilitating the mechanics of conversation and talk. Social software generally refers to software that makes collaborative behaviour, the organisation and moulding of communities, self-expression, social interaction and feedback possible for individuals. Another element of the existing definition of social software is that it allows for the structured mediation of opinion between people, in a centralized or self-regulating manner. The most improved area for social software is that Web 2.0 applications can all promote co-operation between people and the creation of online communities more than ever before. The opportunities offered by social software are instant connections and opportunities to learn. An additional defining feature of social software is that apart from interaction and collaboration, it aggregates the collective behaviour of its users, allowing not only crowds to learn from an individual but individuals to learn from the crowds as well. Hence, the interactions enabled by social software can be one-to-one, one-to-many, or many-to-many.",6904b2349659f0dbeab3e9c9_concept_7394967144169358390,related_concept,Social networking service,2025-10-28 15:20:18.881,['Social software'],[],set(),set(),0,2.3240418118466897,1.7236437050018623e-306
38,39,Hospitality exchange service,,https://en.wikipedia.org/wiki/Hospitality exchange service,"Hospitality exchange services (hospitality exchange platforms, hospitality exchange networks or HospEx) are social networking services used for accommodation of travellers, where hosts do not receive payments. The relationships on hospitality exchange services are shaped by altruism and are related to the cyber-utopianism on the Web in its beginnings and to utopia in general. 
On HospEx, members typically create public profiles that describe themselves and their travel plans, and then searching for potential hosts or guests based on various criteria such as location, interests, and availability. Travelers connect with local hosts who are willing to offer free accommodation, meals, and/or other forms of hospitality during their trip. The concept of hospitality exchange has been around for a long time, with informal networks of travelers and hosts existing for decades. However, the advent of the internet and social media has made it much easier to connect with people from all over the world, and hospitality exchange networks have become increasingly popular as a way for people to avoid commercial tourism and experience local cultures in a more authentic way. These networks are usually non-profit, registered under .org-domains, built up by volunteers and use open-source software.",6904b2349659f0dbeab3e9c9_concept_6258671048611700905,related_concept,Social networking service,2025-10-28 15:20:18.881,['Hospitality exchange service'],[],set(),set(),0,0.765793528505393,0.12549760914503058
39,40,Professional network service,,https://en.wikipedia.org/wiki/Professional network service,"A professional network service (or, in an Internet context, simply a professional network) is a type of social network service that focuses on interactions and relationships for business opportunities and career growth, with less emphasis on activities in personal life.
A professional network service is used by working individuals, job-seekers, and businesses to establish and maintain professional contacts, to find work or hire employees, share professional achievements, sell or promote services, and stay up-to-date with industry news and trends. According to LinkedIn managing director Clifford Rosenberg in an interview with AAP in 2010, ""[t]his is a call to action for professionals to re-address their use of social networks and begin to reap as many rewards from networking professionally as they do personally."" Businesses mostly depend on resources and information outside the company and to get what they need, they need to reach out and professionally network with others, such as employees or clients as well as potential opportunities.
""Nardi, Whittaker, and Schwarz (2002) point out three main tasks that they believe networkers need to attend to keep a successful professional (intentional) network:
building a network, maintaining the network, and activating selected contacts. They stress that networkers need to continue to add new contacts to their network to access as many resources as possible and to maintain their network by staying in touch with their contacts. This is so that the contacts are easy to activate when the networker has work that needs to be done.""
By using a professional network service, businesses can keep all of their networks up-to-date, and in order, and helps figure out the best way to efficiently get in touch with each of them. A service that can do all that helps relieve some of the stress when trying to get things done.
Not all professional network services are online sites that help promote a business. Some services connect the user to other services that help promote the business other than online sites, such as phone/Internet companies that provide services and companies that specifically are designed to do all of the promoting, online and in person, for a business.",6904b2349659f0dbeab3e9c9_concept_2528908410119627202,related_concept,Social networking service,2025-10-28 15:20:18.881,[],[],set(),set(),0,1.0943396226415094,0.17224282076278125
40,41,Social networking service,,https://en.wikipedia.org/wiki/Social networking service,"A social networking service or social networking site, abbreviated as SNS, is a type of online social media platform which people use to build social networks or social relationships with other people who share similar personal or career content, interests, activities, backgrounds or real-life connections.
Social networking services vary in format and the number of features. They can incorporate a range of new information and communication tools, operating on desktops and on laptops, on mobile devices such as tablet computers and smartphones. This may feature digital photo/video/sharing and diary entries online (blogging). Online community services are sometimes considered social-network services by developers and users, though in a broader sense, a social-network service usually provides an individual-centered service whereas online community services are groups centered. Generally defined as ""websites that facilitate the building of a network of contacts in order to exchange various types of content online,"" social networking sites provide a space for interaction to continue beyond in-person interactions. These computer mediated interactions link members of various networks and may help to create, sustain and develop new social and professional relationships.
Social networking sites allow users to share ideas, digital photos and videos, posts, and to inform others about online or real-world activities and events with people within their social network. While in-person social networking – such as gathering in a village market to talk about events – has existed since the earliest development of towns, the web enables people to connect with others who live in different locations across the globe (dependent on access to an Internet connection to do so).
Depending on the platform, members may be able to contact any other member. In other cases, members can contact anyone they have a connection to, and subsequently anyone that contact has a connection to, and so on.
Facebook has a massive 2.13 billion active monthly users and an average of 1.4 billion daily active users as of 2017.
LinkedIn, a career-oriented social-networking service, generally requires that a member personally know another member in real life before they contact them online. Some services require members to have a preexisting connection to contact other members.
With COVID-19, Zoom, a videoconferencing platform, has taken an integral place to connect people located around the world and facilitate many online environments such as school, university, work and government meetings.
The main types of social networking services contain category places (such as age or occupation or religion), means to connect with friends (usually with self-description pages), and a recommendation system linked to trust. One can categorize social-network services into four types:

socialization social network services used primarily for socializing with existing friends or users (e.g., Facebook, Instagram, Twitter/X)
online social networks are decentralized and distributed computer networks where users communicate with each other through Internet services.
networking social network services used primarily for non-social interpersonal communication (e.g., LinkedIn, a career- and employment-oriented site)
social navigation social network services used primarily for helping users to find specific information or resources (e.g., Goodreads for books, Reddit)
There have been attempts to standardize these services to avoid the need to duplicate entries of friends and interests (see the FOAF standard). A study reveals that India recorded world's largest growth in terms of social media users in 2013. A 2013 survey found that 73% of U.S. adults use social-networking sites.",6904b2349659f0dbeab3e9c9_concept_6676376435123066445,main_concept,,2025-10-28 15:20:18.881,"['Online community', 'Social networking service']",[],set(),set(),0,4.51328903654485,1.6988516276653975e-306
41,42,James P. Grant,,https://en.wikipedia.org/wiki/James P. Grant,"James Pineo Grant (May 12, 1922 – January 28, 1995) was an American diplomat and children's advocate. Grant served for 15 years (from January 1980 to January 1995) as the third executive director of the United Nations Children's Emergency Fund (UNICEF), with the rank of Under Secretary-General.
Grant was born at Peking Union Medical College Hospital in Beijing. He lived in China until the age of 15, where his father, John Black Grant, was the first professor of Public Health at the Rockefeller Foundation-funded Peking Union Medical College. Grant attended the University of California, Berkeley, graduating in 1943 in economics, and in 1951 graduated from Harvard Law School.
Grant began his international civil service in the late 1940s working in China with the United Nations Relief and Rehabilitation Administration.
In 1962, was named Deputy Assistant Secretary of State for Near East and South Asian Affairs and deputy director of the International Cooperation Administration, the precursor to the United States Agency for International Development. From 1964 until 1967 Grant served as the USAID Mission Director in Turkey.  In 1967 he was appointed the Assistant Administrator of USAID for Southeast Asia, a position he held until 1969. After he left USAID in 1969 he formed the Overseas Development Council, becoming its president and CEO. Grant left the ODC after being appointed UNICEF executive director. He served in that position from January 1980 to January 1995. As Marcos Cueto mentioned in article, ""Under Grant's dynamic leadership, UNICEF began to back away from a holistic approach to primary health care. Grant believed that international agencies had to do their best with finite resources and short-lived local political opportunities. This meant translating general goals into time-bound specific actions. A few years later, Grant organized a UNICEF book that proposed a ""children's revolution"" and explained the 4 inexpensive interventions contained in GOBI."" On August 8, 1994, he was presented with the Presidential Medal of Freedom by President William Clinton.
Grant was diagnosed with cancer in May 1993, but continued to lead UNICEF until he resigned on January 23, 1995, and died a few days later, at age 72.
Nicholas D. Kristof wrote in 2008 that Grant, ""a little-known American aid worker,"" had ""probably saved more lives than were destroyed by Hitler, Mao, and Stalin combined"" through his promotion of vaccinations and diarrhea treatments. Grant had been universally known within UN as a man who could not accept the undoable: he would be often found scribbling on a pad, laughing to himself, ""It can be done! It can be done""",6904b2349659f0dbeab3e9c9_concept_3545906525900903298,related_concept,UNICEF,2025-10-28 15:20:18.881,['UNICEF'],[],set(),set(),0,0.6274509803921569,0.1629564365699041
42,43,Save the Children,,https://en.wikipedia.org/wiki/Save the Children,"The Save the Children Fund, commonly known as Save the Children, is an international non-governmental organization. It was founded in the UK in 1919; its goal is to improve the lives of children worldwide.
The organization raises money to improve children's lives by creating better educational opportunities, better health care, and improved economic opportunities. It achieves this through several methods, including health, education, and protection programs.
The organization has general consultative status in the United Nations Economic and Social Council.",6904b2349659f0dbeab3e9c9_concept_8700788399976592764,related_concept,UNICEF,2025-10-28 15:20:18.881,['Save the Children'],[],set(),set(),0,4.280927835051546,0.28048952865238186
43,44,Justin Forsyth,,https://en.wikipedia.org/wiki/Justin Forsyth,"Justin Forsyth is a British non-profit executive who served as the deputy executive director of UNICEF from 2016 to 2018. Prior to this appointment on 15 January 2016 by United Nations Secretary-General Ban Ki-moon, Forsyth was the chief executive officer of Save the Children.",6904b2349659f0dbeab3e9c9_concept_3755574596121803273,related_concept,UNICEF,2025-10-28 15:20:18.881,"['Save the Children', 'Justin Forsyth', 'UNICEF']",[],set(),set(),0,0.21428571428571427,0.26061992795677913
44,45,United Nations High Commissioner for Refugees,,https://en.wikipedia.org/wiki/United Nations High Commissioner for Refugees,"The Office of the United Nations High Commissioner for Refugees (UNHCR) is a United Nations agency mandated to aid and protect refugees, forcibly displaced communities, and stateless people, and to assist in their voluntary repatriation, local integration or resettlement to a third country. It is headquartered in Geneva, Switzerland, and has 20,305 staff working in 136 countries as of December 2023.",6904b2349659f0dbeab3e9c9_concept_6719568112991727786,related_concept,UNICEF,2025-10-28 15:20:18.881,['United Nations High Commissioner for Refugees'],[],set(),set(),0,3.6151452282157677,3.430637928854593e-306
45,46,United Nations Office for the Coordination of Humanitarian Affairs,,https://en.wikipedia.org/wiki/United Nations Office for the Coordination of Humanitarian Affairs,"The United Nations Office for the Coordination of Humanitarian Affairs (OCHA) is a United Nations (UN) body established in December 1991 by the General Assembly to strengthen the international response to complex emergencies and natural disasters. It is the successor to the Office of the United Nations Disaster Relief Coordinator (UNDRO).
The Department of Humanitarian Affairs (DHA) was established shortly thereafter by the Secretary-General, but in 1998, was merged into OCHA, which became the UN's main focal point on major disasters. OCHA's mandate was subsequently broadened to include coordinating humanitarian response, policy development and humanitarian advocacy. Its activities include organizing and monitoring humanitarian funding, advocacy, policymaking, and information exchange to facilitate rapid-response teams for emergency relief.
OCHA is led by the Under-Secretary-General for Humanitarian Affairs and Emergency Relief Coordinator (USG/ERC), appointed for a five-year term. Since October 2024, the role has been filled by Thomas Fletcher of the United Kingdom.
OCHA organized the 2016 World Humanitarian Summit in Istanbul, Turkey. It is a sitting observer in the United Nations Development Group.",6904b2349659f0dbeab3e9c9_concept_7342191780201636814,related_concept,UNICEF,2025-10-28 15:20:18.881,"['King', 'United Nations Office for the Coordination of Humanitarian Affairs']",[],set(),set(),0,2.2714646464646466,0.17591012994362745
46,47,Ludwik Rajchman,,https://en.wikipedia.org/wiki/Ludwik Rajchman,"Ludwik Witold Rajchman (Polish pronunciation: [ˈludvik ˈrajxman]; 1 November 1881 – 13 July 1965) was a Polish physician and bacteriologist. He is regarded as the founder of UNICEF, and served as its first chairman from 1946 to 1950.",6904b2349659f0dbeab3e9c9_concept_5160027690454288808,related_concept,UNICEF,2025-10-28 15:20:18.881,['UNICEF'],[],set(),set(),0,0.8796296296296297,0.3090579787949366
47,48,United Nations Population Fund,,https://en.wikipedia.org/wiki/United Nations Population Fund,"The United Nations Population Fund (UNFPA) is a UN agency aimed at improving reproductive and maternal health worldwide. Its work includes developing national healthcare strategies and protocols, increasing access to birth control, and leading campaigns against child marriage, gender-based violence, obstetric fistula, and female genital mutilation.
The UNFPA supports programs in more than 144 countries across four geographic regions: Arab States and Europe, Asia and the Pacific, Latin America, the Caribbean and Africa. Around three-quarters of the staff work in the field. It is a founding member of the United Nations Development Group, a collection of UN agencies and programmes focused on fulfilling the Sustainable Development Goals.",6904b2349659f0dbeab3e9c9_concept_8638045128526062707,related_concept,UNICEF,2025-10-28 15:20:18.881,['United Nations Population Fund'],[],set(),set(),0,2.7913793103448277,3.4980500802587775e-306
48,49,List of UNICEF Goodwill Ambassadors,,https://en.wikipedia.org/wiki/List of UNICEF Goodwill Ambassadors,"This is a list of UNICEF Goodwill Ambassadors and advocates, who work on behalf of the United Nations International Children's Emergency Fund (UNICEF) for children's rights. UNICEF goodwill ambassadors are usually selected by regional and national UNICEF offices, the primary office at the United Nations building in New York is responsible for international appointments. UNICEF has the largest and most extensive goodwill ambassador and human rights advocacy program in the world for children.",6904b2349659f0dbeab3e9c9_concept_3560957235674354206,related_concept,UNICEF,2025-10-28 15:20:18.881,['UNICEF'],[],set(),set(),0,0.27353463587921845,3.755407112839685e-306
49,50,List of UNICEF national committees,,https://en.wikipedia.org/wiki/List of UNICEF national committees,"There are UNICEF National Committees in 32 countries worldwide, each established as an independent local non-governmental organization. Serving as the public face and dedicated voice of UNICEF, the National Committees raise funds from the private sector, promote children's rights, and secure worldwide visibility for children threatened by poverty, disasters, armed conflict, abuse and exploitation.
UNICEF is funded exclusively by voluntary contributions, and the National Committees collectively raise around one-third of UNICEF's annual income. This comes through contributions from corporations, civil society organizations and more than 6 million individual donors worldwide. They also rally many different partners – including the media, national and local government officials, NGOs, specialists such as doctors and lawyers, corporations, schools, young people and the general public – on issues related to children’s rights.",6904b2349659f0dbeab3e9c9_concept_8259794714005538021,related_concept,UNICEF,2025-10-28 15:20:18.881,['UNICEF'],[],set(),set(),0,0.1566265060240964,3.645214554500069e-306
50,51,United Nations Volunteers,,https://en.wikipedia.org/wiki/United Nations Volunteers,"The United Nations Volunteers (UNV) programme is a United Nations organization that contributes to peace and development through volunteerism worldwide.
Volunteerism is a powerful means of engaging people in tackling development challenges, and it can transform the pace and nature of development. Volunteerism benefits both society at large and the individual volunteer by strengthening trust, solidarity and reciprocity among citizens, and by purposefully creating opportunities for participation.
UNV contributes to peace and development through a dual mandate: mobilizing UN Volunteers for the United Nations and advocating for recognition of volunteers as a way to achieve the Sustainable Development Goals (SDGs). UNV embraces volunteerism as universal and inclusive, and recognizes volunteerism in its diversity as well as the values that sustain it: free will, commitment, engagement and solidarity. In 2023 UNV deployed almost 13,000 UN Volunteers to over 56 UN partners in all regions of the world.
Based in Bonn, Germany, UNV is active in around 130 countries every year. UNV, with six regional offices and field units in many countries, is administered by the United Nations Development Programme (UNDP) and reports to the UNDP Executive Board.",6904b2349659f0dbeab3e9c9_concept_5651832982445973359,related_concept,UNICEF,2025-10-28 15:20:18.881,['United Nations Volunteers'],[],set(),set(),0,1.718543046357616,0.09812954325262449
51,52,Jemilah Mahmood,,https://en.wikipedia.org/wiki/Jemilah Mahmood,"Tan Sri Jemilah binti Mahmood (born 3 December 1959) is a Malaysian physician.  She has served as Pro-Chancellor of the Heriot-Watt University Malaysia (HWUM) since September 2021, Professor and Executive Director of Sunway Centre for Planetary Health since August 2021, and Senior Fellow at the Adrienne-Arsht-Rockefeller Foundation Resilience Center. She has been a Board Member of Roche since 2022. She served as Special Advisor to the former Prime Minister of Malaysia Muhyiddin Yassin on Public Health from March 2020 to August 2021 and Under-Secretary General for Partnerships in the International Federation of Red Cross and Red Crescent Societies (IFRC) from January 2016 to 2020. Before joining the IFRC, she served as Chief of the Secretariat of the World Humanitarian Summit at the United Nations in New York, heading the humanitarian branch at the United National Population Fund, Chief of the Humanitarian Response Branch at UNFPA in 2011, President of the Malaysian Medical Relief Society (Mercy Malaysia) from its foundation in June 1999 to a decade later in 2009. Mercy Malaysia is a medical charity she founded in June 1999, inspired by the Médecins Sans Frontières (Doctors Without Borders). In 2008, she was one of the 16 members appointed by Ban Ki-moon, the former Secretary-General of the United Nations to Advisory Group of the Central Emergency Response Fund.",6904b2349659f0dbeab3e9c9_concept_8737674308164598566,related_concept,UNICEF,2025-10-28 15:20:18.881,[],[],set(),set(),0,1.372093023255814,0.3113452282579584
52,53,UNICEF club,,https://en.wikipedia.org/wiki/UNICEF club,"A UNICEF club is a student-led grassroots club present at high school and college levels of education, formed for the purpose of promoting the values of the parent organization the United Nations Children's Fund or UNICEF. The stated goal of the club is ""to empower youth with the resources and skills to be effective global citizens"" and ""to support the world's most vulnerable children"" through advocacy, education, community building, and fundraising. These can be created as their own independent club or as a group within a larger club, as long as separate leaders are appointed for it. Once created, board members are expected to host activities which help advocate or fundraise for UNICEF-related causes, such as ""Trick-or-Treat for UNICEF"", the ""UNICEF Tap Project"", or other humanitarian work.
Since the first clubs were founded in 1952, they have received mostly positive reception from the press for their work, with some exceptions. Clubs today can be found in 41 of the 50 states in the United States, and at major universities including Yale and Duke University. Clubs are also present internationally in places like Canada and Hong Kong.",6904b2349659f0dbeab3e9c9_concept_5262534543265553142,related_concept,UNICEF,2025-10-28 15:20:18.881,"['UNICEF club', 'UNICEF']",[],set(),set(),0,1.4205607476635513,0.17864770688700835
53,54,Maurice Pate,,https://en.wikipedia.org/wiki/Maurice Pate,"Maurice Pate (October 14, 1894 – January 19, 1965) was an American humanitarian and businessman. Pate served as the first executive director of the United Nations Children's Fund (UNICEF) from 1947 until his death in 1965, after being proposed by the Chairman Ludwik Rajchman. 
Talking about the United Nations, Dag Hammarskjöld, its second Secretary-General, said, ""The work of UNICEF is at the heart of the matter - and at the heart of UNICEF is Maurice Pate."" Herbert Hoover called Pate ""the most effective human angel I know"" when introducing Pate at a UNICEF dinner. Pate was recognized worldwide for his efforts on behalf of children and hungry people.",6904b2349659f0dbeab3e9c9_concept_3837108424402181045,related_concept,UNICEF,2025-10-28 15:20:18.881,"['Ludwik Rajchman', 'Maurice Pate', 'UNICEF']",[],set(),set(),0,0.3157894736842105,0.16650032442066479
54,55,Global Humanitarian Overview,,https://en.wikipedia.org/wiki/Global Humanitarian Overview,"Global Humanitarian Overview is an annual report published by the United Nations Office for the Coordination of Humanitarian Affairs.
It documents how many people have unmet humanitarian needs and the funding that is needed by humanitarian agencies to meet them.
Over the years the annual editions have identified rising needs, insufficient spending, and patterns of violence towards humanitarian healthcare staff.",6904b2349659f0dbeab3e9c9_concept_8820823626948492074,related_concept,UNICEF,2025-10-28 15:20:18.881,"['United Nations Office for the Coordination of Humanitarian Affairs', 'Global Humanitarian Overview']",[],set(),set(),0,0.7777777777777778,0.14090742420026847
55,56,UNRWA,,https://en.wikipedia.org/wiki/UNRWA,"The United Nations Relief and Works Agency for Palestine Refugees in the Near East (UNRWA, pronounced ) is a UN agency that supports the relief and human development of Palestinian refugees. UNRWA's mandate encompasses Palestinians who fled or were expelled during the Nakba, the 1948 Palestine war, and subsequent conflicts, as well as their descendants, including legally adopted children. As of 2019, more than 5.6 million Palestinians are registered with UNRWA as refugees.
UNRWA was established in 1949 by the UN General Assembly (UNGA) to provide relief to all refugees resulting from the 1948 conflict; this initially included Jewish and Arab Palestine refugees inside the State of Israel until the Israeli government took over this responsibility in 1952. As a subsidiary body of the UNGA, UNRWA's mandate is subject to periodic renewal every three years; it has consistently been extended since its founding, most recently until 30 June 2026.
UNRWA employs over 30,000 people, most of them Palestinian refugees, and a small number of international staff. Originally intended to provide employment and direct relief, its mandate has broadened to include providing education, health care, and social services to its target population. UNRWA operates in five areas: Jordan, Lebanon, Syria, the Gaza Strip and the West Bank, including East Jerusalem; aid for Palestinian refugees outside these five areas is provided by the United Nations High Commissioner for Refugees (UNHCR), established in 1950 as the main agency to aid all other refugees worldwide. UNRWA is the only UN agency dedicated to helping refugees from a specific region or conflict.
UNRWA has received praise and recognition for its work by various governments, public figures, and independent monitors. It has also been subject to controversy related to its operations, role in the Gaza Strip, relationship with Hamas and terrorism, and textbook content. Most recently, the agency faced allegations by the Israeli government that twelve of its employees were involved in the October 7 attacks, leading to lay-offs, an investigation, and the temporary suspension of funding by numerous donors. As of May 2024, several major donors have since resumed funding as the investigation remains ongoing. In October 2024, Israel's parliament passed a bill designating UNRWA as a terrorist group and prohibiting it from operating within the country. Israel has long opposed the Palestinian right of return and has accused UNRWA of ""perpetuating the refugee issue"". In January 2025, Israel's UNRWA ban went into effect.
In October 2025, the International Court of Justice (ICJ) found that ""Israel has not substantiated its allegations that a significant part of UNRWA’s employees are ‘members of Hamas… or other terrorist factions”.",6904b2349659f0dbeab3e9c9_concept_611187826829415622,related_concept,UNICEF,2025-10-28 15:20:18.881,"['United Nations High Commissioner for Refugees', 'UNRWA']",[],set(),set(),0,2.242744063324538,3.4490296773763335e-306
56,57,Sexual exploitation and abuse in humanitarian response,,https://en.wikipedia.org/wiki/Sexual exploitation and abuse in humanitarian response,"Sexual exploitation and abuse in humanitarian response first came to public attention with the release of a report in February 2002 of a joint assessment mission examining the issue. The joint mission (composed of UNHCR-SCFUK personnel) reported that ""refugee children in Guinea, Liberia and Sierra Leone have been subjected to sexual abuse and exploitation, reportedly by employees of national and international NGOs, UNHCR and other UN bodies...""
Humanitarian agencies responded almost immediately with measures designed to prevent further abuse, setting up an inter-agency task force with the objective of ""strengthening and enhancing the protection and care of women and children in situations of humanitarian crisis and conflict...""
In 2008 there were signs that sexual exploitation and abuse of beneficiaries not only continued, but was under-reported.
In January 2010, the ECHA/ECPS task force developed a website devoted to protection from sexual exploitation and abuse (PSEA) by personnel of the United Nations (UN), non-governmental organizations (NGOs) and other international organizations.",6904b2349659f0dbeab3e9c9_concept_3321873805335047263,related_concept,UNICEF,2025-10-28 15:20:18.881,['Sexual exploitation and abuse in humanitarian response'],[],set(),set(),0,0.6872037914691943,3.377198680627394e-306
57,58,Plan International,,https://en.wikipedia.org/wiki/Plan International,"Plan International is a development and humanitarian organisation based in the United Kingdom that works in over 80 countries across Africa, the Americas, and Asia, focusing on children’s rights. In 2024, Plan International reached 43 million children, including 23.3 million girls, through its programming.
Plan International also provides training in disaster preparedness and recovery and has worked on relief efforts in countries including Haiti, Colombia and Japan.",6904b2349659f0dbeab3e9c9_concept_4344164472723647994,related_concept,UNICEF,2025-10-28 15:20:18.881,"['King', 'Plan International']",[],set(),set(),0,0.9148936170212766,0.1473278600064033
58,59,United Nations Office for Project Services,,https://en.wikipedia.org/wiki/United Nations Office for Project Services,"The United Nations Office for Project Services (UNOPS) is a United Nations agency dedicated to implementing humanitarian and development projects for the United Nations System, international financial institutions, governments and other partners around the world, with a focus on infrastructure, procurement and project management The organization's global headquarters is located at the UN City campus in Copenhagen, Denmark. UNOPS delivers around  $3 billion worth of development projects for its partners every year. Its activities have ranged from managing the construction of schools in Afghanistan, to building shelters in Haiti, to procuring ambulances to support the Ebola response in Liberia.
UNOPS is a member of the United Nations System Chief Executives Board and Senior Management Group, the Environment Management Group (EMG), the United Nations Sustainable Development Group and works closely with UN partners, governments, international financial institutions and multilateral development banks, such as: the World Bank, the Global Fund to Fight AIDS, Tuberculosis and Malaria, United Nations Department of Peace Operations, Government of Argentina, the Office of the United Nations High Commissioner for Refugees (UNHCR), the European Union, and the government of the United States.",6904b2349659f0dbeab3e9c9_concept_7798210773412769220,related_concept,UNICEF,2025-10-28 15:20:18.881,"['United Nations High Commissioner for Refugees', 'United Nations Office for Project Services']",[],set(),set(),0,1.3397849462365592,3.5117876357883356e-306
59,60,Office of the Secretary-General's Envoy on Youth,,https://en.wikipedia.org/wiki/Office of the Secretary-General's Envoy on Youth,"The Secretary-General's Envoy on Youth serves as a global advocate for addressing the needs and rights of young people for bringing the United Nations closer to them. The Envoy's Office is part of the United Nations Secretariat and supports multi-stakeholder partnerships related to the United Nations system-wide action plan on youth  to volunteer initiatives. The office also promotes the empowerment and foster the leadership of youth at the national, regional, and global levels, including through exploring and encourages mechanisms for young people’s participation in the work of the United Nations and in political and economic processes with a special focus on the most marginalized and vulnerable youth.",6904b2349659f0dbeab3e9c9_concept_3085291920557378885,related_concept,UNICEF,2025-10-28 15:20:18.881,[],[],set(),set(),0,1.6754716981132076,3.637610728934371e-306
60,61,Humanitarian aid,,https://en.wikipedia.org/wiki/Humanitarian aid,"Humanitarian aid is material and logistic assistance, usually in the short-term, to people in need. Among the people in need are the homeless, refugees, and victims of natural disasters, wars, and famines. The primary objective of humanitarian aid is to save lives, alleviate suffering, and maintain human dignity.
While often used interchangeably, humanitarian aid and humanitarian assistance are distinct concepts. Humanitarian aid generally refers to the provision of immediate, short-term relief in crisis situations, such as food, water, shelter, and medical care. Humanitarian assistance, on the other hand, encompasses a broader range of activities, including longer-term support for recovery, rehabilitation, and capacity building. Humanitarian aid is distinct from development aid, which seeks to address underlying socioeconomic factors.

Humanitarian aid can come from either local or international communities through international non-governmental organizations (INGOs). In reaching out to international communities, the Office for the Coordination of Humanitarian Affairs (OCHA) of the United Nations (UN) is responsible for coordination responses to emergencies. It taps to the various members of Inter-Agency Standing Committee, whose members are responsible for providing emergency relief. The four UN entities that have primary roles in delivering humanitarian aid are United Nations Development Programme (UNDP), the United Nations Refugee Agency (UNHCR), the United Nations Children's Fund (UNICEF) and the World Food Programme (WFP).According to the Global Humanitarian Overview of OCHA, nearly 300 million people need humanitarian assistance and protection in 2024, or 1 out of 27 people worldwide. In 2024, the estimated global humanitarian response requirements amount to approximately US$46.4 billion, targeting around 188 million of the most vulnerable people in 69 countries. The three major drivers of humanitarian needs worldwide are conflicts, climate-related disasters, and economic factors.",6904b2349659f0dbeab3e9c9_concept_9165482428402342927,related_concept,UNICEF,2025-10-28 15:20:18.881,"['Global Humanitarian Overview', 'Humanitarian aid', 'UNICEF']",[],set(),set(),0,6.808,3.506582256737494e-306
61,62,UNICEF,,https://en.wikipedia.org/wiki/UNICEF,"UNICEF ( YOO-nee-SEF), originally the United Nations  International Children's Emergency Fund, officially  United Nations Children's Fund since 1953, is an agency of the United Nations responsible for providing humanitarian and developmental aid to children worldwide. The organization is one of the most widely known and visible social welfare entities globally, operating in 192 countries and territories. UNICEF's activities include providing immunizations and disease prevention, administering treatment for children and mothers with HIV, enhancing childhood and maternal nutrition, improving sanitation, promoting education, and providing emergency relief in response to disasters.
UNICEF is the successor of the United Nations International Children's Emergency Fund, and was created on 11 December 1946, in New York, by the U.N. Relief Rehabilitation Administration to provide immediate relief to children and mothers affected by World War II. The same year, the United Nations General Assembly established UNICEF to further institutionalize post-war relief work. In 1950, its mandate was extended to address the long-term needs of children and women, particularly in developing countries. In 1953, the organization became a permanent part of the United Nations System, and its name was changed to United Nations Children's Fund, though it retains the UNICEF acronym.
UNICEF relies entirely on voluntary contributions from governments and private donors. Its total income as of 2024 was $8.61 billion, of which public-sector partners contributed $4.92 billion. It is governed by a 36-member executive board that establishes policies, approves programs, and oversees administrative and financial plans. The board is made up of government representatives elected by the United Nations Economic and Social Council, usually for three-year terms.
UNICEF's programs emphasize developing community-level services to promote the health and well-being of children. Most of its work is in the field, with a network that includes 150 country offices, headquarters and other facilities, and 34 ""national committees"" that carry out its mission through programs developed with host governments. Seven regional offices provide technical assistance to country offices as needed, while its Supply Division—based in the cities of Copenhagen and New York—helps provide over $3 billion in critical aid and services.
In 2018, UNICEF assisted in the birth of 27 million babies, administered pentavalent vaccines to an estimated 65.5 million children, provided education for 12 million children, treated four million children with severe acute malnutrition, and responded to 285 humanitarian emergencies in 90 countries. UNICEF has received recognition for its work, including the Nobel Peace Prize in 1965, the Indira Gandhi Prize in 1989 and the Princess of Asturias Award in 2006. During the 2020 COVID-19 pandemic, UNICEF, along with the World Health Organization and other agencies, published guidance about healthy parenting.",6904b2349659f0dbeab3e9c9_concept_4315550562474752830,main_concept,,2025-10-28 15:20:18.881,['UNICEF'],[],set(),set(),0,6.397101449275362,3.728166067389188e-306
62,63,Amphibious warfare,,https://en.wikipedia.org/wiki/Amphibious warfare,"Amphibious warfare is a type of offensive military operation that today uses naval ships to project ground and air power onto a hostile or potentially hostile shore at a designated landing beach. Through history the operations were conducted using ship's boats as the primary method of delivering troops to shore. Since the Gallipoli Campaign, specialised watercraft were increasingly designed for landing troops, material and vehicles, including by landing craft and for insertion of commandos, by fast patrol boats, zodiacs (rigid inflatable boats) and from mini-submersibles. The term amphibious first emerged in the United Kingdom and the United States during the 1930s with introduction of vehicles such as Vickers-Carden-Loyd Light Amphibious Tank or the Landing Vehicle Tracked.
Amphibious warfare includes operations defined by their type, purpose, scale and means of execution. In the British Empire at the time these were called combined operations which were defined as ""...operations where naval, military or air forces in any combination are co-operating with each other, working independently under their respective commanders, but with a common strategic object."" All armed forces that employ troops with special training and equipment for conducting landings from naval vessels to shore agree to this definition. Since the 20th century, an amphibious landing of troops on a beachhead is acknowledged as the most complex of all military maneuvers. The undertaking requires an intricate coordination of numerous military specialties, including air power, naval gunfire, naval transport, logistical planning, specialized equipment, land warfare, tactics, and extensive training in the nuances of this maneuver for all personnel involved.

In essence, amphibious operations consist of the phases of strategic planning and preparation, operational transit to the intended theatre of operations, pre-landing rehearsal and disembarkation, troop landings, beachhead consolidation and conducting inland ground and air operations. Historically, within the scope of these phases a vital part of success was often based on the military logistics, naval gunfire and close air support. Another factor is the variety and quantity of specialised vehicles and equipment used by the landing force that are designed for the specific needs of this type of operation. Amphibious operations can be classified as tactical or operational raids such as the Dieppe Raid, operational landings in support of a larger land strategy such as the Kerch–Eltigen Operation, and a strategic opening of a new Theatre of Operations, for example the Operation Avalanche. The purpose of amphibious operations is usually offensive, except in cases of amphibious withdrawals, but is limited by the plan and terrain. Landings on islands less than 5,000 km2 (1,900 sq mi) in size are tactical, usually with the limited objectives of neutralising enemy defenders and obtaining a new base of operation. Such an operation may be prepared and planned in days or weeks, and would employ a naval task force to land less than a division of troops.

The intent of operational landings is usually to exploit the shore as a vulnerability in the enemy's overall position, forcing redeployment of forces, premature use of reserves, and aiding a larger allied offensive effort elsewhere. Such an operation requiring weeks to months of preparation and planning, would use multiple task forces, or even a naval fleet to land corps-size forces, including on large islands, for example Operation Chromite. A strategic landing operation requires a major commitment of forces to invade a national territory in the archipelagic, such as the Battle of Leyte, or continental, such as Operation Neptune. Such an operation may require multiple naval and air fleets to support the landings, and extensive intelligence gathering and planning of over a year. Although most amphibious operations are thought of primarily as beach landings, they can exploit available shore infrastructure to land troops directly into an urban environment if unopposed. In this case non-specialised ships can offload troops, vehicles and cargo using organic or facility wharf-side equipment. Tactical landings in the past have utilised small boats, small craft, small ships and civilian vessels converted for the mission to deliver troops to the water's edge.",6904b2349659f0dbeab3e9c9_concept_6642581771975065049,related_concept,Operations specialist (United States Navy),2025-10-28 15:20:18.881,"['King', 'Amphibious warfare']",[],set(),set(),0,1.7316209034543844,0.17214810983911943
63,64,Anti-surface warfare,,https://en.wikipedia.org/wiki/Anti-surface warfare,"Anti-surface warfare (ASuW or ASUW) is the branch of naval warfare concerned with the suppression of surface combatants. More generally, it is any weapons, sensors, or operations intended to attack or limit the effectiveness of an adversary's surface ships. Before the adoption of the submarine and naval aviation, all naval warfare consisted of anti-surface warfare. The distinct concept of an anti-surface warfare capability emerged after World War II, and literature on the subject as a distinct discipline is inherently dominated by the dynamics of the Cold War.",6904b2349659f0dbeab3e9c9_concept_8169790760372901541,related_concept,Operations specialist (United States Navy),2025-10-28 15:20:18.881,['Anti-surface warfare'],[],set(),set(),0,5.101449275362318,0.15649406285933254
64,65,United States Coast Guard,,https://en.wikipedia.org/wiki/United States Coast Guard,"The United States Coast Guard (USCG) is the maritime security, search and rescue, and law enforcement service branch of the United States Armed Forces. It is one of the country's eight uniformed services. The service is a maritime, military, multi-mission service unique among the United States military branches for having a maritime law enforcement mission with jurisdiction in both domestic and international waters and a federal regulatory agency mission as part of its duties. It is the largest coast guard in the world. 
The U.S. Coast Guard protects the United States' borders and economic and security interests abroad; and defends its sovereignty by safeguarding sea lines of communication and commerce across U.S. territorial waters and its Exclusive Economic Zone. Due to ever-expanding risk imposed by transnational threats through the maritime and cyber domains, the U.S. Coast Guard is at any given time deployed to and operating on all seven continents and in cyberspace to enforce its mission. Like its United States Navy sibling, the U.S. Coast Guard maintains a global presence with permanently-assigned personnel throughout the world and forces routinely deploying to both littoral and blue-water regions. The U.S. Coast Guard's adaptive, multi-mission ""white hull"" fleet is leveraged as a force of both diplomatic soft power and humanitarian and security assistance over the more overtly confrontational nature of ""gray hulled"" warships. As a humanitarian service, it saves tens of thousands of lives a year at sea and in U.S. waters, and provides emergency response and disaster management for a wide range of human-made and natural catastrophic incidents in the U.S. and throughout the world.
The U.S. Coast Guard operates under the U.S. Department of Homeland Security during peacetime. During times of war, it can be transferred in whole or in part to the U.S. Department of the Navy under the Department of Defense by order of the U.S. president or by act of Congress. Prior to its transfer to Homeland Security, it operated under the Department of Transportation from 1967 to 2003 and the Department of the Treasury from its inception until 1967. A congressional authority transfer to the Navy has only happened once: in 1917, during World War I. By the time the U.S. entered World War II in December 1941, the U.S. Coast Guard had already been transferred to the Navy by President Franklin Roosevelt.
The U.S. Coast Guard was formed by a merger of the U.S. Revenue Cutter Service and the U.S. Life-Saving Service on 28 January 1915, under the Department of the Treasury. The Revenue Cutter Service was created by Congress as the Revenue-Marine on 4 August 1790 at the request of Alexander Hamilton, and is therefore the oldest continuously operating naval service of the United States. As secretary of the treasury, Hamilton headed the Revenue-Marine, whose original purpose was collecting customs duties at U.S. seaports. By the 1860s, the service was known as the U.S. Revenue Cutter Service and the term Revenue-Marine gradually fell into disuse.
In 1939, the U.S. Lighthouse Service was also merged into the U.S. Coast Guard. As one of the country's six armed services, the U.S. Coast Guard and its predecessor have participated in every major U.S. war since 1790, from the Quasi-War with France to the Global War on Terrorism.
As of December 2021, the U.S. Coast Guard's authorized force strength is 44,500 active duty personnel and 7,000 reservists. The service's force strength also includes 8,577 full-time civilian federal employees and 21,000 uniformed civilian volunteers of the U.S. Coast Guard Auxiliary. The service maintains an extensive fleet of roughly 250 coastal and ocean-going cutters, patrol ships, buoy tenders, tugs, and icebreakers; as well as nearly 2,000 small boats and specialized craft. It also maintains an aviation division consisting of more than 200 helicopters and fixed-wing aircraft. While the U.S. Coast Guard is the second smallest of the U.S. military service branches in terms of membership, the service by itself is the world's 12th largest naval force.",6904b2349659f0dbeab3e9c9_concept_4480097538513725397,related_concept,Operations specialist (United States Navy),2025-10-28 15:20:18.881,"['United States Coast Guard', 'United States Navy']",[],set(),set(),0,6.12773951158422,4.318759524252845e-306
65,66,Ship,,https://en.wikipedia.org/wiki/Ship,"A ship  is a large watercraft designed for travel across the surface of a body of water, carrying cargo or passengers, or in support of specialized tasks such as warfare, oceanography and fishing. Ships are generally distinguished from boats, based on size, shape, load capacity and purpose. Ships have supported exploration, trade, warfare, migration, colonization, and science. Ship transport is responsible for the largest portion of world commerce.
The word ship has meant, depending on era and context, either simply a large vessel or specifically a full-rigged ship with three or more masts, each of which is square rigged.
The earliest historical evidence of boats is found in Egypt during the 4th millennium BC. In 2024, ships had a global cargo capacity of 2.4 billion tons, with the three largest classes being ships carrying dry bulk (43%), oil tankers (28%) and container ships (14%).",6904b2349659f0dbeab3e9c9_concept_8590449236480171760,related_concept,Operations specialist (United States Navy),2025-10-28 15:20:18.881,['Ship'],[],set(),set(),0,83.22014260249554,4.3725925140736206e-306
66,67,Strategy,,https://en.wikipedia.org/wiki/Strategy,"Strategy (from Greek στρατηγία stratēgia, ""troop leadership; office of general, command, generalship"") is a general plan to achieve one or more long-term or overall goals under conditions of uncertainty. In the sense of the ""art of the general"", which included several subsets of skills including military tactics, siegecraft, logistics etc., the term came into use in the 6th century C.E. in Eastern Roman terminology, and was translated into Western vernacular languages only in the 18th century. From then until the 20th century, the word ""strategy"" came to denote ""a comprehensive way to try to pursue political ends, including the threat or actual use of force, in a dialectic of wills"" in a military conflict, in which both adversaries interact.
Strategy is important because the resources available to achieve goals are usually limited. Strategy generally involves setting goals and priorities, determining actions to achieve the goals, and mobilizing resources to execute the actions. A strategy describes how the ends (goals) will be achieved by the means (resources). Strategy can be intended or can emerge as a pattern of activity as the organization adapts to its environment or competes. It involves activities such as strategic planning and strategic thinking.
Henry Mintzberg from McGill University defined strategy as a pattern in a stream of decisions to contrast with a view of strategy as planning,. while Max McKeown (2011) argues that ""strategy is about shaping the future"" and is the human attempt to get to ""desirable ends with available means"". Vladimir Kvint defines strategy as ""a system of finding, formulating, and developing a doctrine that will ensure long-term success if followed faithfully.""",6904b2349659f0dbeab3e9c9_concept_6950784910313355068,related_concept,Operations specialist (United States Navy),2025-10-28 15:20:18.881,['Strategy'],[],set(),set(),0,2.9893390191897655,0.44512357628261856
67,68,Search and rescue,,https://en.wikipedia.org/wiki/Search and rescue,"Search and rescue (SAR) is the search for and provision of aid to people who are in distress or imminent danger. The general field of search and rescue includes many specialty sub-fields, typically determined by the type of terrain the search is conducted over. These include mountain rescue; ground search and rescue, including the use of search and rescue dogs (such as K9 units); urban search and rescue in cities; combat search and rescue on the battlefield and air-sea rescue over water.
International Search and Rescue Advisory Group (INSARAG) is a UN organisation that promotes the exchange of information between national urban search and rescue organisations. The duty to render assistance is covered by Article 98 of the UNCLOS.",6904b2349659f0dbeab3e9c9_concept_3036666568918281458,related_concept,Operations specialist (United States Navy),2025-10-28 15:20:18.881,['Search and rescue'],[],set(),set(),0,5.110743801652893,0.2610425825810744
68,69,Military tactics,,https://en.wikipedia.org/wiki/Military tactics,"Military tactics encompasses the art of organizing and employing fighting forces on or near the battlefield. They involve the application of four battlefield functions which are closely related – kinetic or firepower, mobility, protection or security, and shock action. Tactics are a separate function from command and control and logistics. In contemporary military science, tactics are the lowest of three levels of warfighting, the higher levels being the strategic and operational levels. Throughout history, there has been a shifting balance between the four tactical functions, generally based on the application of military technology, which has led to one or more of the tactical functions being dominant for a period of time, usually accompanied by the dominance of an associated fighting arm deployed on the battlefield, such as infantry, artillery, cavalry or tanks.",6904b2349659f0dbeab3e9c9_concept_5028221301842157569,related_concept,Operations specialist (United States Navy),2025-10-28 15:20:18.881,['Military tactics'],[],set(),set(),0,2.137704918032787,0.3153138294470881
69,70,Radarman,,https://en.wikipedia.org/wiki/Radarman,"Radarman was a rating in the U.S. Navy and the U.S. Coast Guard during, and after, World War II. The following ratings existed during the war for male or female enlisted personnel training, or with training, in the operation and maintenance of radar sets:",6904b2349659f0dbeab3e9c9_concept_2851476701150009302,related_concept,Operations specialist (United States Navy),2025-10-28 15:20:18.881,['Radarman'],[],set(),set(),0,1.2666666666666666,4.136884318105176e-306
70,71,List of United States Navy ratings,,https://en.wikipedia.org/wiki/List of United States Navy ratings,"United States Navy ratings are general enlisted occupations used by the U.S. Navy since the 18th century, which denote the specific skills and abilities of the sailor. Each naval rating has its own specialty badge, which is worn on the left sleeve of dress uniforms of enlisted personnel.  U.S. naval ratings are the equivalent of military occupational specialty codes (MOS codes) used by the United States Army and the United States Marine Corps, the ratings system used by the United States Coast Guard, and Air Force Specialty Codes (AFSC) used by the United States Air Force and United States Space Force.
Ratings should not be confused with rates, which are used to identify personnel of specific a rating and pay grade. For example, if a sailor has the pay-grade of E-5 (petty officer second class) and the rating of boatswain's mate, then combining the two—boatswain's mate second class (BM2)—defines both pay grade and rating in formal address or epistolary salutation. Thus, boatswain's mate second class (BM2) would be that sailor's rate.
Sailors from pay-grades E-1 to E-3 that have no rates, are considered to be in apprenticeships or training for a rating, thus the slang term ""undes"" (Pronounced UN-DEZ) (un-designated) when referring to them as a group. A Sailor actively working toward a specific rating is referred to as  ""striking for a rating"" and is called a ""striker"". E-1 to E-3 are divided into five general occupational fields (airman, constructionman, fireman, hospitalman, or seaman) based on their rate. For example, an AD (Aviation Machinist's Mate) E-3 would be referred to as an Airman, an E-2 as an Airman Apprentice, and E-1 as an Airman Recruit. The paper designation for these is ADAN, ADAA, and ADAR respectively, SN, SA, and SR for sea-going rates, FN, FA, FR for engineering and damage control rates, CN, CA, CR for Seabee, naval construction units, and HN, HA, and HR for Corpsman.
Naval Officers: Although naval officers do specialize in various fields their occupations are classified according to designators for both officers of the line (i.e., line officers) and those of the professional staff corps.",6904b2349659f0dbeab3e9c9_concept_1883499669086835729,related_concept,Operations specialist (United States Navy),2025-10-28 15:20:18.881,"['United States Coast Guard', 'United States Navy']",[],set(),set(),0,1.8601895734597156,0.20341791850109686
71,72,Naval mine,,https://en.wikipedia.org/wiki/Naval mine,"A naval mine is a self-contained explosive weapon placed in water to damage or destroy surface ships or submarines. Similar to anti-personnel and other land mines, and unlike purpose launched naval depth charges, they are deposited and left to wait until, depending on their fuzing, they are triggered by the approach of or contact with any vessel. 
Naval mines can be used offensively, to hamper enemy shipping movements or lock vessels into a harbour; or defensively, to create ""safe"" zones protecting friendly sea lanes, harbours, and naval assets. Mines allow the minelaying force commander to concentrate warships or defensive assets in mine-free areas giving the adversary three choices: undertake a resource-intensive and time-consuming minesweeping effort, accept the casualties of challenging the minefield, or use the unmined waters where the greatest concentration of enemy firepower will be encountered.
Although international law requires signatory nations to declare mined areas, precise locations remain secret, and non-complying parties might not disclose minelaying. While mines threaten only those who choose to traverse waters that may be mined, the possibility of activating a mine is a powerful disincentive to shipping. In the absence of effective measures to limit each mine's lifespan, the hazard to shipping can remain long after the war in which the mines were laid is over. Unless detonated by a parallel time fuze at the end of their useful life, naval mines need to be found and dismantled after the end of hostilities; an often prolonged, costly, and hazardous task.
Modern mines containing high explosives detonated by complex electronic fuze mechanisms are much more effective than early gunpowder mines requiring physical ignition. Mines may be placed by aircraft, ships, submarines, or individual swimmers and boatmen. Minesweeping is the practice of the removal of explosive naval mines, usually by a specially designed ship called a minesweeper using various measures to either capture or detonate the mines, but sometimes also with an aircraft made for that purpose. There are also mines that release a homing torpedo rather than explode themselves.",6904b2349659f0dbeab3e9c9_concept_8098585999761170330,related_concept,Operations specialist (United States Navy),2025-10-28 15:20:18.881,['Naval mine'],[],set(),set(),0,15.97883597883598,4.5417327872263726e-306
72,73,Electronics technician (United States Navy),,https://en.wikipedia.org/wiki/Electronics technician (United States Navy),"The United States Navy job rating of electronics technician (ET) is a designation given by the Bureau of Naval Personnel (BUPERS) to enlisted members who satisfactorily complete initial Electronics Technician ""A"" school training.",6904b2349659f0dbeab3e9c9_concept_5739268388467454832,related_concept,Operations specialist (United States Navy),2025-10-28 15:20:18.881,['United States Navy'],[],set(),set(),0,0.11029411764705882,0.22530489690573824
73,74,Naval gunfire support,,https://en.wikipedia.org/wiki/Naval gunfire support,"Naval gunfire support (NGFS), also known as naval surface fire support (NSFS), or shore bombardment, is the use of naval artillery to provide fire support for amphibious assault and other troops operating within their range. NGFS is one of several disciplines encompassed by the term naval fires. Modern naval gunfire support is one of the three main components of amphibious warfare assault operations support, along with aircraft and ship-launched land-attack missiles. Shipborne guns have been used against shore defences since medieval naval warfare.",6904b2349659f0dbeab3e9c9_concept_2924165104195254662,related_concept,Operations specialist (United States Navy),2025-10-28 15:20:18.881,"['Ship', 'Naval gunfire support']",[],set(),set(),0,1.10752688172043,4.6464153283102283e-306
74,75,Combat information center,,https://en.wikipedia.org/wiki/Combat information center,"A combat information center (CIC) or action information centre (AIC) is a room in a warship or AWACS aircraft that functions as a tactical center and provides processed information for command and control of the near battlespace or area of operations. Within other military commands, rooms serving similar functions are known as command centers.
Regardless of the vessel or command locus, each CIC organizes and processes information into a form more convenient and usable by the commander in authority. Each CIC funnels communications and data received over multiple channels, which is then organized, evaluated, weighted and arranged to provide ordered timely information flow to the battle command staff under the control of the CIC officer and his deputies.",6904b2349659f0dbeab3e9c9_concept_1008247570420848806,related_concept,Operations specialist (United States Navy),2025-10-28 15:20:18.881,[],[],set(),set(),0,9.28125,0.32192985730514856
75,76,Naval aircrewman,,https://en.wikipedia.org/wiki/Naval aircrewman,"Naval Aircrewman (NAC) is an enlisted general rating of the U.S. Navy. Sailors in NAC ratings serve as aircraft systems operators or inflight system maintenance technicians aboard U.S. Navy fixed and rotary winged aircraft. They perform duties as varied as aerial gunners, rescue swimmers, radar and sonar operators, airborne mine countermeasures system operators, strategic communications systems specialists, loadmasters, repair technicians, and various other functions depending on the specific aircraft type in which they fly. The rating is divided into five subdivisions termed ""service ratings"". Those service ratings are: Naval Aircrewman Operator (AWO); Naval Aircrewman Helicopter (AWS); Naval Aircrewman Tactical Helicopter (AWR); Naval Aircrewman Mechanical (AWF); and Naval Aircrewman Avionics (AWV). All five service ratings are identified by a single AW Rating Badge. Many technologically advanced navies have a similar trade.",6904b2349659f0dbeab3e9c9_concept_115516935013301178,related_concept,Operations specialist (United States Navy),2025-10-28 15:20:18.881,[],[],set(),set(),0,0.8387096774193549,4.220816917797644e-306
76,77,United States Navy,,https://en.wikipedia.org/wiki/United States Navy,"The United States Navy (USN) is the maritime service branch of the United States Department of Defense. It is the world's most powerful navy with the largest displacement, at 4.5 million tons in 2021. It has the world's largest aircraft carrier fleet, with eleven in service, one undergoing trials, two new carriers under construction, and six other carriers planned as of 2024. With 336,978 personnel on active duty and 101,583 in the Ready Reserve, the U.S. Navy is the third largest of the United States military service branches in terms of personnel. It has 299 deployable combat vessels and about 4,012 operational aircraft as of  18 July 2023. The U.S. Navy is one of six armed forces of the United States and one of eight uniformed services of the United States.
The United States Navy traces its origins to the Continental Navy, which was established during the American Revolutionary War and was effectively disbanded as a separate entity shortly thereafter. After suffering significant loss of goods and personnel at the hands of the Barbary pirates from Algiers, the United States Congress passed the Naval Act of 1794 for the construction of six heavy frigates, the first ships of the Navy. The United States Navy played a major role in the American Civil War by blockading the Confederacy and seizing control of its rivers. It played the central role in the World War II defeat of Imperial Japan. The United States Navy emerged from World War II as the most powerful navy in the world. The modern United States Navy maintains a sizable global presence, deploying in strength in such areas as the Western Pacific, the Mediterranean, and the Indian Ocean. It is a blue-water navy with the ability to project force onto the littoral regions of the world, engage in forward deployments during peacetime and rapidly respond to regional crises, making it a frequent actor in American foreign and military policy.
The United States Navy is part of the Department of the Navy, alongside the United States Marine Corps, which is its coequal sister service. The Department of the Navy is headed by the civilian secretary of the Navy. The Department of the Navy is itself a military department of the Department of Defense, which is headed by the secretary of defense. The chief of naval operations (CNO) is the most senior Navy officer serving in the Department of the Navy.",6904b2349659f0dbeab3e9c9_concept_8071533545558725219,related_concept,Operations specialist (United States Navy),2025-10-28 15:20:18.881,['United States Navy'],[],set(),set(),0,24.13149171270718,4.2157207447024294e-306
77,78,Naval rating,,https://en.wikipedia.org/wiki/Naval rating,"In military terminology, a rate or rating (also known as bluejacket in the United States) is a junior enlisted sailor in a navy who is below the military rank of warrant officer. Depending on the country and navy that uses it, the exact term and the range of ranks that it refers to may vary.",6904b2349659f0dbeab3e9c9_concept_5850155299024035590,related_concept,Operations specialist (United States Navy),2025-10-28 15:20:18.881,[],[],set(),set(),0,31.830188679245282,0.09709211893771397
78,79,Tactical data link,,https://en.wikipedia.org/wiki/Tactical data link,"A tactical data link (TDL) uses a data link standard in order to provide communication via radio waves or cable. NATO nations use a variety of TDL standards. All military C3 systems use standardized TDL to transmit, relay and receive tactical data. 
Multi-TDL network (MTN) refers to the network of similar and dissimilar TDLs integrated through gateways, translators, and correlators to bring the common tactical picture and/or common operational picture together.",6904b2349659f0dbeab3e9c9_concept_5324206044576626537,related_concept,Operations specialist (United States Navy),2025-10-28 15:20:18.881,[],[],set(),set(),0,0.64,0.3770522270823105
79,80,General quarters,,https://en.wikipedia.org/wiki/General quarters,"General quarters, battle stations, or action stations is an announcement made aboard a naval warship to signal that all hands (everyone available) aboard a ship must go to battle stations (the positions they are to assume when the vessel is in combat) as quickly as possible.
According to The Encyclopedia of War, formerly ""[i]n naval service, the phrase 'beat to quarters' indicated a particular kind of drum roll that ordered sailors to their posts for a fight where some would load and prepare to fire the ship's guns and others would arm with muskets and ascend the rigging as sharpshooters in preparation for combat.""
Aboard U.S. Navy vessels, the following announcement would be made using the vessel’s public address system (known as the 1MC):

General Quarters, General Quarters. All hands man your battle stations. The route of travel is forward and up to starboard, down and aft to port. Set material condition 'Zebra' throughout the ship. Reason for General Quarters: (Inbound hostile aircraft/Hostile surface contact/etc.)",6904b2349659f0dbeab3e9c9_concept_5328891323869599058,related_concept,Operations specialist (United States Navy),2025-10-28 15:20:18.881,['General quarters'],[],set(),set(),0,10.45,4.294929686177013e-306
80,81,Cryptologic technician,,https://en.wikipedia.org/wiki/Cryptologic technician,"Cryptologic technician (CT) is a United States Navy enlisted rating or job specialty.  The CT community performs a wide range of tasks in support of the national intelligence-gathering effort, with an emphasis on cryptology and signal intelligence related products.
Most CT personnel are required to obtain and maintain security clearances.  Due to the highly classified and secure work environment requiring very restricted access, it is not always possible to share resources with other commands, leading to their shipboard nickname, ""spooks"".  Almost every detail surrounding the CT world from administration to operations to repair requires dedicated technicians with appropriate security clearances (this accounts for the many branches of the CT rating, i.e. CTI, CTM, CTO, CTR, CTT, CWT).  The contribution of an individual CT will depend upon the branch or career area.
Members of the CT community enjoy a wide range of career and training options.  Once trained, a CT might serve ashore, afloat, or in an airborne capacity.  Some CT sailors can expect overseas assignments of lengthy duration and some may never travel overseas.",6904b2349659f0dbeab3e9c9_concept_1698094727898586268,related_concept,Operations specialist (United States Navy),2025-10-28 15:20:18.881,"['United States Navy', 'Cryptologic technician']",[],set(),set(),0,1.3125,0.24409399506369758
81,82,Anti-submarine warfare,,https://en.wikipedia.org/wiki/Anti-submarine warfare,"Anti-submarine warfare (ASW, or in the older form A/S) is a branch of underwater warfare that uses surface warships, aircraft, submarines, or other platforms, to find, track, and deter, damage, or destroy enemy submarines. Such operations are typically carried out to protect friendly shipping and coastal facilities from submarine attacks and to overcome blockades.
Successful ASW operations typically involve a combination of sensor and weapon technologies, along with effective deployment strategies and sufficiently trained personnel. Typically, sophisticated sonar equipment is used for first detecting, then classifying, locating, and tracking a target submarine. Sensors are therefore a key element of ASW. Common weapons for attacking submarines include torpedoes and naval mines, which can both be launched from an array of air, surface, and underwater platforms. ASW capabilities are often considered of significant strategic importance, particularly following provocative instances of unrestricted submarine warfare and the introduction of submarine-launched ballistic missiles, which greatly increased the lethality of submarines.
At the beginning of the 20th century, ASW techniques and submarines themselves were primitive. During the First World War, submarines deployed by Imperial Germany proved themselves to be a capable threat to shipping, being able to strike targets even out in the North Atlantic Ocean. Accordingly, multiple nations embarked on research into devising more capable ASW methods, resulting in the introduction of practical depth charges and advances in sonar technology; the adoption of the convoy system also proved to be a decisive tactic.
After a lull in progress during the interwar period, the Second World War saw submarine warfare and ASW alike advance rapidly, particularly during the critical Battle of the Atlantic, during which Axis submarines sought to prevent Britain from effectively importing supplies. Techniques such as the Wolfpack achieved initial success, but became increasingly costly as more capable ASW aircraft were introduced. Technologies such as the Naxos radar detector gained only a temporary reprieve until detection apparatus advanced yet again. Intelligence efforts, such as Ultra, also played a major role in curtailing the submarine threat and guiding ASW efforts towards greater success.
During the post-war era, ASW continued to advance, as the arrival of nuclear submarines had rendered some traditional techniques less effective. The superpowers of the era constructed sizable submarine fleets, many of which were armed with nuclear weapons; in response to the heightened threat posed by such vessels, various nations chose to expand their ASW capabilities. Helicopters, capable of operating from almost any warship and equipped with ASW apparatus, became commonplace during the 1960s. Increasingly capable fixed-wing maritime patrol aircraft were also widely used, covering vast areas of ocean. The magnetic anomaly detector (MAD), diesel exhaust sniffers, sonobuoys and other electronic warfare technologies also became a staple of ASW efforts. Dedicated attack submarines, purpose-built to track down and destroy other submarines, became a key component as well. Torpedo carrying missiles, such as ASROC and Ikara, were another area of advancement.",6904b2349659f0dbeab3e9c9_concept_6877952543140988133,related_concept,Operations specialist (United States Navy),2025-10-28 15:20:18.881,['Anti-submarine warfare'],[],set(),set(),0,6.214402618657938,4.6395544053868144e-306
82,83,Operations specialist (United States Navy),,https://en.wikipedia.org/wiki/Operations specialist (United States Navy),Operations Specialist (abbreviated as OS) is a  United States Navy and United States Coast Guard occupational rating. It is a sea duty-intensive rating in the Navy while most of Coast Guard OS's are at ashore Command Centers.,6904b2349659f0dbeab3e9c9_concept_7606035299495817301,main_concept,,2025-10-28 15:20:18.881,"['United States Coast Guard', 'United States Navy']",[],set(),set(),0,26.025641025641026,4.241862195590485e-306
83,84,Human resource policies,,https://en.wikipedia.org/wiki/Human resource policies,"Human resource policies are continuing guidelines on the approach of which an organization intends to adopt in managing its people. They represent specific guidelines to HR managers on various matters concerning employment and state the intent of the organization on different aspects of Human Resource management such as recruitment, promotion, compensation, training, selections etc. They therefore serve as a reference point when human resources management practices are being developed or when decisions are being made about an organization's workforce.
A good HR policy provides generalized guidance on the approach adopted by the organization, and therefore its employees, concerning various aspects of employment. A procedure spells out precisely what action should be taken in line with the policies.
Each organization has a different set of circumstances and so develops an individual set of human resource policies. The location an organization operates in will also dictate the content of their policies.",6904b2349659f0dbeab3e9c9_concept_1178184399750349474,related_concept,Human resource management,2025-10-28 15:20:18.881,['Human resource policies'],[],set(),set(),0,0.9655172413793104,4.073782623101446e-306
84,85,Human resource consulting,,https://en.wikipedia.org/wiki/Human resource consulting,"The human resource consulting industry has emerged from management consulting and addresses human resource management tasks and decisions.
The Expert Resource Consultant suggests solutions based on expertise and experience, and assists in their implementation. The role is very typical in information benchmarking and design consulting (see examples of actual design practices in the subsequent section below).
The Process/People consultant assists in searching for solutions with methods that facilitate and raise creativity of the client company so that they will be able to implement solutions themselves. The role is traditionally demonstrated by organizational development and change consulting.",6904b2349659f0dbeab3e9c9_concept_4751680127656909026,related_concept,Human resource management,2025-10-28 15:20:18.881,[],[],set(),set(),0,2.1733333333333333,0.23256681416090214
85,86,Society for Human Resource Management,,https://en.wikipedia.org/wiki/Society for Human Resource Management,"The Society for Human Resource Management (SHRM) is the world’s largest professional association dedicated to the practice of human resource management. Based in Alexandria, Virginia, SHRM offers membership services, conducts research, and engages in public policy advocacy. A nonpartisan organization, SHRM advocates at the federal, state, and local level, aiming to influence legislation and regulations related to workforce development, immigration, healthcare, and other issues. The organization has nearly 340,000 members in 180 countries, impacting more than 362 million workers and families globally.",6904b2349659f0dbeab3e9c9_concept_6835652172047522646,related_concept,Human resource management,2025-10-28 15:20:18.881,['Society for Human Resource Management'],[],set(),set(),0,4.9375,0.24026598564516502
86,87,Human resources,,https://en.wikipedia.org/wiki/Human resources,"Human resources (HR) is the set of people who make up the workforce of an organization, business sector, industry, or economy. A narrower concept is human capital, the knowledge and skills which the individuals command.",6904b2349659f0dbeab3e9c9_concept_469860793673914329,related_concept,Human resource management,2025-10-28 15:20:18.881,['Human resources'],[],set(),set(),0,7.48868778280543,3.9102345808247075e-306
87,88,People Operations,,https://en.wikipedia.org/wiki/People Operations,"People operations, sometimes referred to as people ops, is a professional field and organizational function that deals with the management and development of employees, through various aspects of employment.
These include organizational culture, upskilling, compliance with labor law, hiring and onboarding, interpersonal relations, performance management, policy and process development, employee engagement, employee recognition, and working to ensure that a system of personal and professional development is maintained for all employees at a given organization.
People operations is a holistic reinvention of traditional human resources, and is tailored to a more modern workplace and work practices, such as remote roles and global teams. It aims to put people first in company decision-making.
While there is some overlap between human resources and people operations in terms of tasks and responsibilities, the overarching methodology of people ops is quite distinct. HR has historically been centered around policies, business goals, compliance with labor legislation, and payroll-related matters.
People ops, in contrast, focuses on organizational culture, learning and development (L&D), role fulfilment, recognition and reward, personal and professional development, interpersonal relations, successful interfacing between senior management and other employees, organizational values and identity, coaching and mentoring, employee engagement, and diversity, equity, and inclusion (DEI).
People operations positions itself as highly integrated across business departments, and aims to utilize a proactive, people-focused mindset to drive cultural cohesion, integration, career satisfaction, and employee retention. People ops takes the humanistic side of business administration, as well as the entire employee lifecycle (from hiring to departure) into consideration. In contrast to human resources, people operations seeks to focus on people's intrinsic value, and the ways that upskilling, rewarding, and keeping employees happy contributes directly to overall business success. People operations is therefore based on employee-driven growth.
In vernacular usage, people operations can refer to the people operations (people) department of a business, or to the people operations field in which such practitioners work. Similar fields with a more specific focus, which may be situated underneath a people operations department, are employee experience and employee success.
Companies that have switched to using a people operations methodology, instead of traditional HR, include Google, IBM, Cloudflare, Yelp, Relativity Space, Propel, and Credible Labs.",6904b2349659f0dbeab3e9c9_concept_1752682385433200469,related_concept,Human resource management,2025-10-28 15:20:18.881,[],[],set(),set(),0,0.0182648401826484,0.23291780606495227
88,89,Cornell HR Review,,https://en.wikipedia.org/wiki/Cornell HR Review,The Cornell HR Review (CHRR) was an online journal of human resource management articles published independently by graduate students at Cornell University. The publication ran from 2009 to 2019.,6904b2349659f0dbeab3e9c9_concept_9022873694142175793,related_concept,Human resource management,2025-10-28 15:20:18.881,['Cornell HR Review'],[],set(),set(),0,0.06329113924050633,0.23262182000900009
89,90,Recruitment,,https://en.wikipedia.org/wiki/Recruitment,"Recruitment is the overall process of identifying, sourcing, screening, shortlisting, and interviewing candidates for jobs (either permanent or temporary) within an organization. Recruitment also is the process involved in choosing people for unpaid roles. Managers, human resource generalists, and recruitment specialists may be tasked with carrying out recruitment, but in some cases, public-sector employment, commercial recruitment agencies, or specialist search consultancies such as Executive search in the case of more senior roles, are used to undertake parts of the process. Internet-based recruitment is now widespread, including the use of artificial intelligence (AI).",6904b2349659f0dbeab3e9c9_concept_2492220040389715562,related_concept,Human resource management,2025-10-28 15:20:18.881,['Recruitment'],[],set(),set(),0,2.5538116591928253,3.947965449840081e-306
90,91,Chief human resources officer,,https://en.wikipedia.org/wiki/Chief human resources officer,"A chief human resources officer (CHRO) or chief people officer (CPO) is a corporate officer who oversees all aspects of human resource management and industrial relations policies, practices and operations for an organization. Similar job titles include: head of HR, chief personnel officer, executive vice president of human resources and senior vice president of human resources. Roles and responsibilities of a typical CHRO can be categorized as follows: workforce strategist, organizational and performance conductor, HR service delivery owner, compliance and governance regulator, and coach and adviser to the senior leadership team and the board of directors. CHROs may also be involved in board member selection and orientation, executive compensation, and succession planning. In addition, functions such as communications, facilities, public relations and related areas may fall within the scope of the CHRO role. Increasingly, CHROs report directly to chief executive officers and are members of the most senior-level committees of a company (e.g., executive committee or office of the CEO).",6904b2349659f0dbeab3e9c9_concept_9133744277893112914,related_concept,Human resource management,2025-10-28 15:20:18.881,[],[],set(),set(),0,2.9213483146067416,0.26223868569324604
91,92,Master of Science in Human Resource Development,,https://en.wikipedia.org/wiki/Master of Science in Human Resource Development,"A Master of Science in Human Resource Development (abbreviated HRD or MSHRD) is a type of 
postgraduate academic master's degree awarded by universities in many countries. This degree is typically studied for in Human Resource Development and Human Resource Management. The key concepts include strategic human resource management, creatively studying and solving organisational problems and creating strategic alignment between human resource and organisational goals.",6904b2349659f0dbeab3e9c9_concept_7745742771007318933,related_concept,Human resource management,2025-10-28 15:20:18.881,['Master of Science in Human Resource Development'],[],set(),set(),0,0.05555555555555555,0.25194222765115376
92,93,Human capital,,https://en.wikipedia.org/wiki/Human capital,"Human capital or human assets is a concept used by economists to designate personal attributes considered useful in the production process. It encompasses employee knowledge, skills, know-how, good health, and education. Human capital has a substantial impact on individual earnings. Research indicates that human capital investments have high economic returns throughout childhood and young adulthood.
Companies can invest in human capital; for example, through education and training, improving levels of quality and production.",6904b2349659f0dbeab3e9c9_concept_8661251425426024318,related_concept,Human resource management,2025-10-28 15:20:18.881,['Human capital'],[],set(),set(),0,3.1649122807017545,3.979638376490473e-306
93,94,Human resource metrics,,https://en.wikipedia.org/wiki/Human resource metrics,"Human resource metrics are measurements used to determine the value and effectiveness of human resources (HR) initiatives, typically including such areas as turnover, training, return on human capital, costs of labor, and expenses per employee.",6904b2349659f0dbeab3e9c9_concept_3331349725407325146,related_concept,Human resource management,2025-10-28 15:20:18.881,['Human resource metrics'],[],set(),set(),0,0.18518518518518517,3.8844284331896564e-306
94,95,The Human Resources Manager,,https://en.wikipedia.org/wiki/The Human Resources Manager,"The Human Resources Manager (Hebrew: שליחותו של הממונה על משאבי אנוש, translit. Shliḥuto shel Ha'Memuneh al Mash'abey Enosh) is a 2010 Israeli drama film directed by Eran Riklis. Its script was written by Noah Stollman, based on the 2006 novel A Woman in Jerusalem by A. B. Yehoshua. The film tells the story of a bakery's human-resources manager (unnamed, like most of the film's characters) who reluctantly travels to Eastern Europe to take the body of a deceased former employee, a recent immigrant to Israel, back to her family, in order to prevent a public-relations disaster for his company. The first half of the film is set in, and was filmed in, Jerusalem, while the second half was filmed in Romania, although the name of the country is never specified in the film.",6904b2349659f0dbeab3e9c9_concept_1701458578008520,related_concept,Human resource management,2025-10-28 15:20:18.881,['The Human Resources Manager'],[],set(),set(),0,0.967741935483871,0.4021176308563159
95,96,Human Resources (1999 film),,https://en.wikipedia.org/wiki/Human Resources (1999 film),"Human Resources (French: Ressources humaines) is a 1999 French-British comedy drama film directed by Laurent Cantet. As the title implies, the subject of the film is the workplace and the personal difficulties that result from conflicts among management and labour, corporations and individuals. It stars Jalil Lespert. Most of the other actors are non-professionals. It won the César Award for Best First Feature Film and the César Award for Most Promising Actor at the 26th César Awards.",6904b2349659f0dbeab3e9c9_concept_5620408204007159505,related_concept,Human resource management,2025-10-28 15:20:18.881,[],[],set(),set(),0,0.8134328358208955,0.38443609454390076
96,97,Human Resources University,,https://en.wikipedia.org/wiki/Human Resources University,"The Human Resources University (commonly referred to as HR University or HRU) was a learning and development platform created as part of the United States Office of Personnel Management which serves as the national focal point for the development and delivery of human resources training to enhance the capabilities of the Federal workforce. HRU provided services to Federal human resources contractor personnel as well. HRU had more than 50,000 registered students from across the Federal government. In 2014, HRU received recognition for saving the federal government over $100 million in cost savings in training costs.
HRU’s mission was to offer a learning environment to develop qualified human resources professionals across the United States Federal Government. HRU was the primary training organization for the Federal Human Resources Workforce, and provided formal and informal training for students both in the classroom and on the job.",6904b2349659f0dbeab3e9c9_concept_957040189141314929,related_concept,Human resource management,2025-10-28 15:20:18.881,['Human Resources University'],[],set(),set(),0,0.7358490566037735,3.9587992286538666e-306
97,98,AIHR,,https://en.wikipedia.org/wiki/AIHR,"AIHR (Academy to Innovate HR) is a global online education company founded in the Netherlands that specializes in professional development for HR professionals. It was ranked as one of the fastest growing companies in Europe in the Financial Times FT 1000.


== References ==",6904b2349659f0dbeab3e9c9_concept_4799059741373418350,related_concept,Human resource management,2025-10-28 15:20:18.881,['AIHR'],[],set(),set(),0,1.2,0.30873840847324063
98,99,Professional in Human Resources,,https://en.wikipedia.org/wiki/Professional in Human Resources,"Professional in Human Resources (PHR) is a certification in the human resource management profession. The certification, awarded by the Human Resource Certification Institute (HRCI), signifies that individuals possess the theoretical knowledge and practical experience in human resource management necessary to pass an examination demonstrating a mastery of the body of knowledge in the field. The Senior Professional in Human Resources (SPHR) is the senior-most human resources certification for those who have also demonstrated a strategic mastery of the HR body of knowledge.",6904b2349659f0dbeab3e9c9_concept_1994987600108854441,related_concept,Human resource management,2025-10-28 15:20:18.881,['Professional in Human Resources'],[],set(),set(),0,2.125,3.968381418383335e-306
99,100,Human relations movement,,https://en.wikipedia.org/wiki/Human relations movement,"Human relations movement refers to the researchers of organizational development who study the behaviour of people in groups, particularly in workplace groups and other related concepts in fields such as industrial and organizational psychology. It originated in the 1930s' Hawthorne studies, which examined the effects of social relations, motivation and employee satisfaction on factory productivity. The movement viewed workers in terms of their psychology and fit with companies, rather than as interchangeable parts, and it resulted in the creation of the discipline of human relations management.",6904b2349659f0dbeab3e9c9_concept_213269714374917142,related_concept,Human resource management,2025-10-28 15:20:18.881,['Human relations movement'],[],set(),set(),0,1.5172413793103448,3.9126921721777876e-306
100,101,Human resource management system,,https://en.wikipedia.org/wiki/Human resource management system,"A human resources management system (HRMS), also human resources information system (HRIS) or human capital management (HCM) system, is a form of human resources (HR) software that combines a number of systems and processes to ensure the easy management of human resources, business processes and data. Human resources software is used by businesses to combine a number of necessary HR functions, such as storing employee data, managing payroll, recruitment, benefits administration (total rewards), time and attendance, employee performance management, and tracking competency and training records.
A human resources management system (HRMS) streamlines and centralizes daily HR processes, making them more efficient and accessible. It combines the principles of human resources—particularly core HR activities and processes—with the capabilities of information technology. This type of software developed much like data processing systems, which eventually evolved into the standardized routines and packages of enterprise resource planning (ERP) software. ERP systems originated from software designed to integrate information from multiple applications into a single, unified database. The integration of financial and human resource modules within one database is what distinguishes an HRMS, HRIS, or HCM system from a generic ERP solution.",6904b2349659f0dbeab3e9c9_concept_1624893668216286814,related_concept,Human resource management,2025-10-28 15:20:18.881,['Human resources'],[],set(),set(),0,3.477272727272727,3.872667718042529e-306
101,102,List of human resource management associations,,https://en.wikipedia.org/wiki/List of human resource management associations,"This list of human resource management associations includes notable professional associations that either serve the broad scope of human resource management or a narrow scope within the field. Professional HR associations ""aim to keep members informed, interconnected, and employed"" by offering ""member directories, publications, discussion groups, awards, local chapters, vendor relations, government lobbying, and job boards"".",6904b2349659f0dbeab3e9c9_concept_9060517221826130171,related_concept,Human resource management,2025-10-28 15:20:18.881,[],[],set(),set(),0,0.5161290322580645,3.964309026419104e-306
102,103,Talent management,,https://en.wikipedia.org/wiki/Talent management,"Talent management (TM) is the anticipation of required human capital for an organization, and the planning to meet those needs. The field has been growing in significance, and gaining interest among practitioners as well as in the scholarly debate over the past 10 years as of 2020, particularly after McKinsey's 1997 research and the 2001 book on The War for Talent. Although much of the previous research focused on private companies and organizations, TM is now also found in public organizations.
Talent management in this context does not refer to the management of entertainers. Talent management is the science of using strategic human resource planning to improve business value and to make it possible for companies and organizations to reach their goals. Everything done to recruit, retain, develop, reward and make people perform forms a part of talent management as well as strategic workforce planning. A talent-management strategy should link to business strategy and to local context to function more appropriately (Tyskbo, 2019).",6904b2349659f0dbeab3e9c9_concept_1504383116765460310,related_concept,Human resource management,2025-10-28 15:20:18.881,['Talent management'],[],set(),set(),0,1.3746312684365782,0.3328534708665231
103,104,Human resource management,,https://en.wikipedia.org/wiki/Human resource management,"Human resource management (HRM) is the strategic and coherent approach to the effective and efficient management of people in a company or organization such that they help their business gain a competitive advantage. It is designed to maximize employee performance in service of an employer's strategic objectives.
Human resource management is primarily concerned with the management of people within organizations, focusing on policies and systems. HR departments are responsible for overseeing employee-benefits design, employee recruitment, training and development, performance appraisal, and reward management, such as managing pay and employee benefits systems. HR also concerns itself with organizational change and industrial relations, or the balancing of organizational practices with requirements arising from collective bargaining and governmental laws.
The overall purpose of human resources (HR) is to ensure that the organization can achieve success through people. HR professionals manage the human capital of an organization and focus on implementing policies and processes. They can specialize in finding, recruiting, selecting, training, and developing employees, as well as maintaining employee relations or benefits. Training and development professionals ensure that employees are trained and have continuous development. This is done through training programs, performance evaluations, and reward programs. Employee relations deals with the concerns of employees when policies are broken, such as in cases involving harassment or discrimination. Managing employee benefits includes developing compensation structures, parental leave, discounts, and other benefits. On the other side of the field are HR generalists or business partners. These HR professionals could work in all areas or be labour relations representatives working with unionized employees.
HR is a product of the human relations movement of the early 20th century when researchers began documenting ways of creating business value through the strategic management of the workforce. It was initially dominated by transactional work, such as payroll and benefits administration, but due to globalization, company consolidation, technological advances, and further research, HR as of 2015 focuses on strategic initiatives like mergers and acquisitions, talent management, succession planning, industrial and labor relations, and diversity and inclusion. In the current global work environment, most companies focus on lowering employee turnover and on retaining the talent and knowledge held by their workforce.",6904b2349659f0dbeab3e9c9_concept_3061783695334954504,main_concept,,2025-10-28 15:20:18.881,['Human resource management'],[],set(),set(),0,2.841726618705036,0.21660458625052395
