,index,name,uri,wikipedia,abstract,cid,type,related_to,createdAt,abstract_contents,article_contents,category,super_category,relrel_concepts,link_ratio,entropy
0,278,Coffeehouse,,https://en.wikipedia.org/wiki/Coffeehouse,"A coffeehouse, coffee shop, or café, is an establishment that serves various types of coffee drinks like espresso, latte, americano and cappuccino, as well as other beverages. An espresso bar specializes in serving espresso and espresso-based drinks. Some coffeehouses may serve iced coffee among other cold drinks, as well as non-caffeinated drinks. A coffeehouse may also serve food, such as light snacks, sandwiches, muffins, cakes, breads, pastries or doughnuts. Many doughnut shops in Canada and the U.S. serve coffee to accompany doughnuts, so these can also be classified as coffee shops, although doughnut shops tend to be more casual and serve cheaper fare (suiting take-out and drive-through, popular in those countries). In continental Europe, some cafés even serve alcoholic drinks, and in West Asia may offer a flavored tobacco smoked through a hookah, called shisha in most varieties of Arabic or nargile in Levantine Arabic, Greek, and Turkish.
While café may mean a coffeehouse, it tends to have a different meaning in Britain: a diner or ""greasy spoon""; it is also used for a teahouse or other casual eating and drinking place. A coffeehouse may resemble a bar or restaurant, but differs from a cafeteria (a canteen, a restaurant without table service). Coffeehouse operation ranges from management of an independent venue by its owner to franchises of a large multinational corporation. 
From a cultural standpoint, a coffeehouse largely serves as a center of social interaction: it provides patrons with a place to meet, talk, read, write, entertain one another, or pass the time, whether individually or in small groups. A coffeehouse can serve as an informal social club for its regular members. From as early as the 1950s Beatnik era and the 1960s folk music scene, coffeehouses have hosted singer–songwriter performances, typically in the evening. The digital age saw the rise of the Internet café along similar principles.",69aae4c88fce8e37dc83926c_concept_4077897110319099887,main_concept,,2026-03-06 14:30:03.033,['Coffeehouse'],[],set(),set(),0,3.922222222222222,0.8847040239572534
1,279,Data and information visualization,,https://en.wikipedia.org/wiki/Data and information visualization,"Data and information visualization (data viz/vis or info viz/vis) is the practice of designing and creating graphic or visual representations of quantitative and qualitative data and information with the help of static, dynamic or interactive visual items. These visualizations are intended to help a target audience visually explore and discover, quickly understand, interpret and gain important insights into otherwise difficult-to-identify structures, relationships, correlations, local and global patterns, trends, variations, constancy, clusters, outliers and unusual groupings within data. When intended for the public to convey a concise version of information in an engaging manner, it is typically called infographics.  
Data visualization is concerned with presenting sets of primarily quantitative raw data in a schematic form, using imagery. The visual formats used in data visualization includes charts and graphs, geospatial maps, figures, correlation matrices, percentage gauges, etc..
Information visualization deals with multiple, large-scale and complicated datasets which contain quantitative data, as well as qualitative, and primarily abstract information, and its goal is to add value to raw data, improve the viewers' comprehension, reinforce their cognition and help derive insights and make decisions as they navigate and interact with the graphical display. Visual tools used include maps for location based data; hierarchical organisations of data; displays that prioritise relationships such as Sankey diagrams; flowcharts, timelines.
In addition, Narrative visualization is a method that uses visual elements such as charts, graphs, maps and the like to convey data or information. This approach blends data analysis, storytelling, and visualization to present information through structured narrative flows- using visuals not just to present statistics, but to tell a story through data. Its goal is to help people identify trends, patterns, and relationships in data through a compelling story-driven visual experience.
Emerging technologies like virtual, augmented and mixed reality have the potential to make information visualization more immersive, intuitive, interactive and easily manipulable and thus enhance the user's visual perception and cognition. In data and information visualization, the goal is to graphically present and explore abstract, non-physical and non-spatial data collected from databases, information systems, file systems, documents, business data, which is different from scientific visualization, where the goal is to render realistic images based on physical and spatial scientific data to confirm or reject hypotheses. 
Effective data visualization is well-sourced, appropriately contextualized, and presented in a simple, uncluttered manner. The underlying data is accurate and up-to-date to ensure insights are reliable. Graphical items are well-chosen and aesthetically appealing, with shapes, colors and other visual elements used deliberately in a meaningful and non-distracting manner. The visuals are accompanied by supporting texts. Verbal and graphical components complement each other to ensure clear, quick and memorable understanding. Effective information visualization is aware of the needs and expertise level of the target audience. Effective visualization can be used for conveying specialized, complex, big data-driven ideas to a non-technical audience in a visually appealing, engaging and accessible manner, and domain experts and executives for making decisions, monitoring performance, generating ideas and stimulating research.
Data scientists, analysts and data mining specialists use data visualization to check data quality, find errors, unusual gaps, missing values, clean data, explore the structures and features of data, and assess outputs of data-driven models. Data and information visualization can be part of data storytelling, where they are paired with a narrative structure, to contextualize the analyzed data and communicate insights gained from analyzing it to convince the audience into making a decision or taking action. This can be contrasted with statistical graphics, where complex data are communicated graphically among researchers and analysts to help them perform exploratory data analysis or convey results of such analyses, where visual appeal, capturing attention to a certain issue and storytelling are less important.
Data and information visualization is interdisciplinary, it incorporates principles found in descriptive statistics, visual communication, graphic design, cognitive science and, interactive computer graphics and human-computer interaction. Since effective visualization requires design skills, statistical skills and computing skills, it is both an art and a science. Visual analytics combines statistical data analysis, data and information visualization, and human analytical reasoning through interactive visual interfaces to help users reach conclusions, gain actionable insights and make informed decisions which are otherwise difficult for computers to do. Research into how people read and misread types of visualizations helps to determine what types and features of visualizations are most understandable and effective. Unintentionally poor or intentionally misleading and deceptive visualizations can function as powerful tools which disseminate misinformation, manipulate public perception and divert public opinion. Thus data visualization literacy has become an important component of data and information literacy in the information age akin to the roles played by textual, mathematical and visual literacy in the past.",69aae4c88fce8e37dc83926c_concept_8808040733832283336,main_concept,,2026-03-06 14:30:03.033,['Data and information visualization'],[],set(),set(),0,0.5391304347826087,4.757527016360637e-305
2,281,Feature engineering,,https://en.wikipedia.org/wiki/Feature engineering,"Feature engineering is a preprocessing step in supervised machine learning and statistical modeling which transforms raw data into a more effective set of inputs. Each input comprises several attributes, known as features. By providing models with relevant information, feature engineering significantly enhances their predictive accuracy and decision-making capability. 
Beyond machine learning, the principles of feature engineering are applied in various scientific fields, including physics. For example, physicists construct dimensionless numbers such as the Reynolds number in fluid dynamics, the Nusselt number in heat transfer, and the Archimedes number in sedimentation. They also develop first approximations of solutions, such as analytical solutions for the strength of materials in mechanics.",69aae4c88fce8e37dc83926c_concept_3569350137651300095,main_concept,,2026-03-06 14:30:03.033,['Feature engineering'],[],set(),set(),0,1.7486338797814207,0.7135963146348803
3,282,Dependent and independent variables,,https://en.wikipedia.org/wiki/Dependent and independent variables,"A variable is considered dependent if it depends on (or is hypothesized to depend on) an independent variable. Dependent variables are the outcome of the  test they depend, by some law or rule (e.g., by a mathematical function), on. Independent variables, on the other hand, are not seen as depending on any other variable in the scope of the experiment in question. Rather, they are controlled by the experimenter.",69aae4c88fce8e37dc83926c_concept_2878347622365072378,main_concept,,2026-03-06 14:30:03.033,[],[],set(),set(),0,6.276422764227642,4.2679453944344294e-305
4,283,Data warehouse,,https://en.wikipedia.org/wiki/Data warehouse,"In computing, a data warehouse (DW or DWH), also known as an enterprise data warehouse (EDW), is a system used for reporting and data analysis and is a core component of business intelligence. Data warehouses are central repositories of data integrated from disparate sources. They store current and historical data organized in a way that is optimized for data analysis, generation of reports, and developing insights across the integrated data. They are intended to be used by analysts and managers to help make organizational decisions.

The data stored in the warehouse is uploaded from operational systems (such as marketing or sales). The data may pass through an operational data store and may require data cleansing for additional operations to ensure data quality before it is used in the data warehouse for reporting.
The two main workflows for building a data warehouse system are extract, transform, load (ETL) and extract, load, transform (ELT).",69aae4c88fce8e37dc83926c_concept_8885889079825049056,main_concept,,2026-03-06 14:30:03.033,['Data warehouse'],[],set(),set(),0,3.0892018779342725,4.2882997108291535e-305
5,284,Email,,https://en.wikipedia.org/wiki/Email,"Electronic mail (usually shortened to email; alternatively hyphenated e-mail) is a method of transmitting and receiving digital messages using electronic devices over a computer network. It was conceived in the late–20th century as the digital version of, or counterpart to, mail (hence e- + mail). Email is a ubiquitous and very widely used communication medium; in current use, an email address (commonly local-part + @ + domain name) is often treated as a basic and necessary part of many processes in business, commerce, government, education, entertainment, and other spheres of daily life in most countries.
Email operates across computer networks, primarily the Internet, and also local area networks. Today's email systems are based on a store-and-forward model. Email servers accept, forward, deliver, and store messages. Neither the users nor their computers are required to be online simultaneously; they need to connect, typically to a mail server or a webmail interface to send or receive messages or download it.
Originally a text-only ASCII communications medium, Internet email was extended by MIME to carry text in expanded character sets and multimedia content such as images. International email, with internationalized email addresses using UTF-8, is standardized but not widely adopted.",69aae4c88fce8e37dc83926c_concept_132142111407973943,main_concept,,2026-03-06 14:30:03.033,['Email'],[],set(),set(),0,13.457070707070708,0.9256720271320125
6,286,Data integration,,https://en.wikipedia.org/wiki/Data integration,"Data integration is the process of combining, sharing, or synchronizing data from multiple sources to provide users with a unified view. There are a wide range of possible applications for data integration, from commercial (such as when a business merges multiple databases) to scientific (combining research data from different bioinformatics repositories).  
The decision to integrate data tends to arise when the volume, complexity (that is, big data) and need to share existing data explodes.  It has become the focus of extensive theoretical work, and numerous open problems remain unsolved. 
Data integration encourages collaboration between internal as well as external users. The data being integrated must be received from a heterogeneous database system and transformed to a single coherent data store that provides synchronous data across a network of files for clients. A common use of data integration is in data mining when analyzing and extracting information from existing databases that can be useful for Business information.",69aae4c88fce8e37dc83926c_concept_719248564992018846,main_concept,,2026-03-06 14:30:03.033,['Data integration'],[],set(),set(),0,2.276243093922652,4.4228812084473513e-305
7,287,Knowledge extraction,,https://en.wikipedia.org/wiki/Knowledge extraction,"Knowledge extraction is the creation of knowledge from structured (relational databases, XML) and unstructured (text, documents, images) sources. The resulting knowledge needs to be in a machine-readable and machine-interpretable format and must represent knowledge in a manner that facilitates inferencing. Although it is methodically similar to information extraction (NLP) and ETL (data warehouse), the main criterion is that the extraction result goes beyond the creation of structured information or the transformation into a relational schema. It requires either the reuse of existing formal knowledge (reusing identifiers or ontologies) or the generation of a schema based on the source data.
The RDB2RDF W3C group  is currently standardizing a language for extraction of resource description frameworks (RDF) from relational databases. Another popular example for knowledge extraction is the transformation of Wikipedia into structured data and also the mapping to existing knowledge (see DBpedia and Freebase).",69aae4c88fce8e37dc83926c_concept_6404524712692121065,main_concept,,2026-03-06 14:30:03.033,['Knowledge extraction'],[],set(),set(),0,1.2085561497326203,4.461863114329309e-305
8,288,Data preparation,,https://en.wikipedia.org/wiki/Data preparation,"Data preparation is the act of manipulating (or pre-processing) raw data (which may come from disparate data sources) into a form that can be readily and accurately analysed, e.g. for business purposes.
Data preparation is the first step in data analytics projects and can include many discrete tasks such as loading data or data ingestion, data fusion, data cleaning, data augmentation, and data delivery.
The issues to be dealt with fall into two main categories: 

systematic errors involving large numbers of data records, probably because they have come from different sources;
individual errors affecting small numbers of data records, probably due to errors in the original data entry.",69aae4c88fce8e37dc83926c_concept_4926395342210263607,main_concept,,2026-03-06 14:30:03.033,['Data preparation'],[],set(),set(),0,0.43478260869565216,4.4704492454607303e-305
9,290,Data set,,https://en.wikipedia.org/wiki/Data set,"A data set (or dataset) is a collection of data. In the case of tabular data, a data set corresponds to one or more database tables, where every column of a table represents a particular variable, and each row corresponds to a given record of the data set in question. The data set lists values for each of the variables, such as for example height and weight of an object, for each member of the data set.  Data sets can also consist of a collection of documents or files.
In the open data discipline, a data set is a unit used to measure the amount of information released in a public open data repository.  The European data.europa.eu portal aggregates more than a million data sets.",69aae4c88fce8e37dc83926c_concept_4319568118479246347,main_concept,,2026-03-06 14:30:03.033,['Data set'],[],set(),set(),0,10.084745762711865,4.349401487932901e-305
10,291,Learning analytics,,https://en.wikipedia.org/wiki/Learning analytics,"Learning analytics is the measurement, collection, analysis and reporting of data about learners and their contexts, for purposes of understanding and optimizing learning and the environments in which it occurs.
The growth of online learning since the 1990s, particularly in higher education, has contributed to the advancement of Learning Analytics as student data can be captured and made available for analysis. When learners use an LMS, social media, or similar online tools, their clicks, navigation patterns, time on task, social networks, information flow, and concept development through discussions can be tracked. The rapid development of massive open online courses (MOOCs) offers additional data for researchers to evaluate teaching and learning in online environments.",69aae4c88fce8e37dc83926c_concept_6493641934840560881,main_concept,,2026-03-06 14:30:03.033,"['Learning analytics', 'Learning']",[],set(),set(),0,0.688,0.3824682908720469
11,292,Cappuccino,,https://en.wikipedia.org/wiki/Cappuccino,"Cappuccino ( , Italian: [kapputˈtʃiːno]; from German Kapuziner) is an espresso-based coffee drink traditionally prepared with steamed milk, including a layer of milk foam.
Variations of the drink involve the use of cream instead of milk, using non-dairy milk substitutes and flavoring with cocoa powder (in Europe and Australasia) or cinnamon (in the United States and South Korea). It is typically smaller in volume than that of a caffè latte, and topped with a thick layer of foam rather than being made with microfoam.
The name comes from the Capuchin friars, referring to the color of their habits, and in this context, referring to the color of the beverage when milk is added in small portion to dark, brewed coffee (today mostly espresso). The physical appearance of a modern cappuccino with espresso crema and steamed milk is a result of a long evolution of the drink. 
The Viennese bestowed the name Kapuziner, possibly in the 18th century, on an early version that included whipped cream and spices. Later, the Kapuziner was introduced in northern Italy during the period of Austrian domination, and Italians started to use it for the beverage as well as the friar dress. It is sometimes said to have been served in the coffeehouses of Trieste and other Italian areas of the Austro-Hungarian Empire in the early 20th century, spreading throughout the Kingdom of Italy after World War I. However, the existence in central Italy of a coffee drink mixed with milk named cappuccino is already documented in the 19th century.",69aae4c88fce8e37dc83926c_concept_3056564319104897180,main_concept,,2026-03-06 14:30:03.033,['Cappuccino'],[],set(),set(),0,1.6952714535901927,0.8864090452585383
12,293,Computer,,https://en.wikipedia.org/wiki/Computer,"A computer is a machine that can be programmed to automatically carry out sequences of arithmetic or logical operations (computation). Modern digital electronic computers can perform generic sets of operations known as programs, which enable computers to perform a wide range of tasks. The term computer system may refer to a nominally complete computer that includes the hardware, operating system, software, and peripheral equipment needed and used for full operation, or to a group of computers that are linked and function together, such as a computer network or computer cluster.
A broad range of industrial and consumer products use computers as control systems, including simple special-purpose devices like microwave ovens and remote controls, and factory devices like industrial robots. Computers are at the core of general-purpose devices such as personal computers and mobile devices such as smartphones. Computers power the Internet, which links billions of computers and users.
Early computers were meant to be used only for calculations. Simple manual instruments like the abacus have aided people in doing calculations since ancient times. Early in the Industrial Revolution, some mechanical devices were built to automate long, tedious tasks, such as guiding patterns for looms. More sophisticated electrical machines did specialized analog calculations in the early 20th century. The first digital electronic calculating machines were developed during World War II, both electromechanical and using thermionic valves. The first semiconductor transistors in the late 1940s were followed by the silicon-based MOSFET (MOS transistor) and monolithic integrated circuit chip technologies in the late 1950s, leading to the microprocessor and the microcomputer revolution in the 1970s. The speed, power, and versatility of computers have been increasing dramatically ever since then, with transistor counts increasing at a rapid pace (Moore's law noted that counts doubled every two years), leading to the Digital Revolution during the late 20th and early 21st centuries.
Conventionally, a modern computer consists of at least one processing element, typically a central processing unit (CPU) in the form of a microprocessor, together with some type of computer memory, typically semiconductor memory chips. The processing element carries out arithmetic and logical operations, and a sequencing and control unit can change the order of operations in response to stored information. Peripheral devices include input devices (keyboards, mice, joysticks, etc.), output devices (monitors, printers, etc.), and input/output devices that perform both functions (e.g. touchscreens). Peripheral devices allow information to be retrieved from an external source, and they enable the results of operations to be saved and retrieved.",69aae4c88fce8e37dc83926c_concept_3958306795388818466,main_concept,,2026-03-06 14:30:03.033,['Computer'],[],set(),set(),0,52.190066857688635,0.856942166251334
13,295,Mining,,https://en.wikipedia.org/wiki/Mining,"Mining is the extraction of geological materials and minerals from the surface of the Earth. Mining is required to obtain most materials that cannot be grown through agricultural processes, or feasibly created artificially in a laboratory or factory. Ores recovered by mining include metals, coal, oil shale, gemstones, limestone, chalk, dimension stone, rock salt, potash, gravel, and clay. The ore must be a rock or mineral that contains a valuable constituent, can be extracted or mined and sold for profit. Mining in a wider sense includes extraction of any non-renewable resource such as petroleum, natural gas, or even water.
Modern mining processes involve prospecting for ore bodies, analysis of the profit potential of a proposed mine, extraction of the desired materials, and final reclamation or restoration of the land after the mine is closed. Mining materials are often obtained from ore bodies, lodes, veins, seams, reefs, or placer deposits. The exploitation of these deposits for raw materials is dependent on investment, labor, energy, refining, and transportation cost.
Mining operations can create a negative environmental impact, both during the mining activity and after the mine has closed. Hence, most of the world's nations have passed regulations to decrease the impact; however, the outsized role of mining in generating business for often rural, remote or economically depressed communities means that governments often fail to fully enforce such regulations. Work safety has long been a concern as well, and where enforced, modern practices have significantly improved safety in mines. Unregulated, poorly regulated or illegal mining, especially in developing economies, frequently contributes to local human rights violations and environmental conflicts. Mining can also perpetuate political instability through resource conflicts.",69aae4c88fce8e37dc83926c_concept_7161188360779605548,main_concept,,2026-03-06 14:30:03.033,['Mining'],[],set(),set(),0,11.552828902522155,4.2677518209838696e-305
14,296,Data cleansing,,https://en.wikipedia.org/wiki/Data cleansing,"Data cleansing or data cleaning is the process of identifying and correcting (or removing) corrupt, inaccurate, or irrelevant records from a dataset, table, or database. It involves detecting incomplete, incorrect, or inaccurate parts of the data and then replacing, modifying, or deleting the affected data. Data cleansing can be performed interactively using data wrangling tools, or through batch processing often via scripts or a data quality firewall.
After cleansing, a data set should be consistent with other similar data sets in the system. The inconsistencies detected or removed may have been originally caused by user entry errors, by corruption in transmission or storage, or by different data dictionary definitions of similar entities in different stores. Data cleaning differs from data validation in that validation almost invariably means data is rejected from the system at entry and is performed at the time of entry, rather than on batches of data.
The actual process of data cleansing may involve removing typographical errors or validating and correcting values against a known list of entities. The validation may be strict (such as rejecting any address that does not have a valid postal code), or with fuzzy or approximate string matching (such as correcting records that partially match existing, known records). Some data cleansing solutions will clean data by cross-checking with a validated data set. A common data cleansing practice is data enhancement, where data is made more complete by adding related information. For example, appending addresses with any phone numbers related to that address. Data cleansing may also involve harmonization (or normalization) of data, which is the process of bringing together data of ""varying file formats, naming conventions, and columns"", and transforming it into one cohesive data set; a simple example is the expansion of abbreviations (""st, rd, etc."" to ""street, road, etcetera"").",69aae4c88fce8e37dc83926c_concept_5518721979368552361,main_concept,,2026-03-06 14:30:03.033,['Data cleansing'],[],set(),set(),0,2.4015748031496065,4.5076774225778796e-305
15,297,Finite set,,https://en.wikipedia.org/wiki/Finite set,"In mathematics, a finite set is a collection of finitely many different things; the things are called elements or members of the set and are typically mathematical objects, such as numbers, symbols, points in space, lines, other geometric shapes, variables, or other sets.
Informally, a finite set is a set which one could in principle count and finish counting.  For example,

  
    
      
        {
        2
        ,
        4
        ,
        6
        ,
        8
        ,
        10
        }
      
    
    {\displaystyle \{2,4,6,8,10\}}
  

is a finite set with five elements. The number of elements of a finite set is a natural number (possibly zero) and is called the cardinality (or the cardinal number) of the set. A set that is not a finite set is called an infinite set. For example, the set 

  
    
      
        {
        1
        ,
        2
        ,
        3
        ,
        …
        }
      
    
    {\displaystyle \{1,2,3,\ldots \}}
  

of all positive integers is infinite.
Finite sets are particularly important in combinatorics, the mathematical study of counting. Many arguments involving finite sets rely on the pigeonhole principle, which states that there cannot exist an injective function from a larger finite set to a smaller finite set.",69aae4c88fce8e37dc83926c_concept_4822988922226860967,main_concept,,2026-03-06 14:30:03.033,['Finite set'],[],set(),set(),0,2.751958224543081,4.103914420669876e-305
16,299,Real number,,https://en.wikipedia.org/wiki/Real number,"In mathematics, a real number is a number that can be used to measure a continuous one-dimensional quantity such as a length, duration or temperature. Here, continuous means that pairs of values can have arbitrarily small differences. Every real number can be almost uniquely represented by an infinite decimal expansion.
The real numbers are fundamental in calculus and in many other branches of mathematics, in particular by their role in the classical definitions of limits, continuity and derivatives.
The set of real numbers, sometimes called ""the reals"", is usually notated as a bold R or the blackboard bold ⁠
  
    
      
        
          R
        
      
    
    {\displaystyle \mathbb {R} }
  
⁠.
The adjective real, used in the 17th century by René Descartes, distinguishes real numbers from imaginary numbers such as the square roots of negative numbers.
The real numbers include the rational numbers, such as the integer −5 and the fraction 4 / 3. Real numbers that are not rational are irrational. Those real numbers that are roots of  polynomials with rational coefficients are algebraic numbers, which include all the rational numbers and also irrational numbers such as √2 = 1.414.... Other real numbers, such as π = 3.1415..., are not roots of polynomials; these are the transcendental numbers. 
The real numbers can be thought of as the points on a line, called the number line or real line, on which the points corresponding to integers (..., −2, −1, 0, 1, 2, ...) are equally spaced.
The informal descriptions above of the real numbers are not sufficient for rigorous reasoning about real numbers. The development of a suitable formal definition was a major achievement of 19th-century mathematics and is the foundation of real analysis, the study of real functions and real-valued sequences. One modern axiomatic definition is that real numbers form the unique (up to an isomorphism) Dedekind-complete ordered field. Other common definitions of real numbers include equivalence classes of Cauchy sequences (of rational numbers), Dedekind cuts, and infinite decimal representations. All these definitions satisfy the axiomatic definition and are thus equivalent.",69aae4c88fce8e37dc83926c_concept_2434145248674121302,main_concept,,2026-03-06 14:30:03.033,['Real number'],[],set(),set(),0,8.61576354679803,4.0646587163012e-305
17,300,Variable star,,https://en.wikipedia.org/wiki/Variable star,"A variable star is a star whose brightness as seen from Earth (its apparent magnitude) changes systematically with time. This variation may be caused by a change in emitted light or by something partly blocking the light, so variable stars are classified as either:

Intrinsic variables, whose inherent luminosity changes; for example, because the star swells and shrinks.
Extrinsic variables, whose apparent changes in brightness are due to changes in the amount of their light that can reach Earth; for example, because the star has an orbiting companion that sometimes eclipses it.
Depending on the type of star system, this variation can include cyclical, irregular, fluctuating, or transient behavior. Changes can occur on time scales that range from under an hour to multiple years. Many, possibly most, stars exhibit at least some oscillation in luminosity: the energy output of the Sun, for example, varies by about 0.1% over an 11-year solar cycle. At the opposite extreme, a supernova event can briefly outshine an entire galaxy. Of the 58,200 variable stars that have been catalogued as of 2023, the most common type are pulsating variables with just under 30,000, followed by eclipsing variables with over 10,000.
Variable stars have been observed since the dawn of human history. The first documented periodic variable was the eclipsing binary Algol. The periodic variable Omicron Ceti, later named Mira, was discovered in the 17th century, followed by Chi Cygni then R Hydrae. By 1786, ten had been documented. Variable star discovery increased rapidly with the advent of photographic plates. When Cepheid variables were shown to have a period-luminosity relationship in 1912, this allowed them to be used for distance measurement. As a result, it was demonstrated that spiral nebulae are galaxies outside the Milky Way. Variable stars now form several methods for the cosmic distance ladder that is used to determine the scale of the visible universe. The periods of eclipsing binaries allowed for a more precise determination of the mass and radii of their component stars, which proved especially useful for modelling stellar evolution.",69aae4c88fce8e37dc83926c_concept_2145198650245953822,main_concept,,2026-03-06 14:30:03.033,['Variable star'],[],set(),set(),0,5.7160714285714285,0.629331519205187
18,301,Performance measurement,,https://en.wikipedia.org/wiki/Performance measurement,"Performance measurement is the process of collecting, analyzing and reporting information regarding the performance of an individual, group, organization, system or component.
Definitions of performance measurement tend to be predicated upon an assumption about why the performance is being measured.

Moullin defines the term with a forward looking organisational focus—""the process of evaluating how well organisations are managed and the value they deliver for customers and other stakeholders"".
Neely et al. use a more operational retrospective focus—""the process of quantifying the efficiency and effectiveness of past actions"".
In 2007 the Office of the Chief Information Officer in the USA defined it using a more evaluative focus—""Performance measurement estimates the parameters under which programs, investments, and acquisitions are reaching the targeted results"". 
Defining performance measures or methods by which they can be chosen is also a popular activity for academics—for example a list of railway infrastructure indicators is offered by Stenström et al., a novel method for measure selection is proposed by Mendibil et al.",69aae4c88fce8e37dc83926c_concept_919301557057298903,main_concept,,2026-03-06 14:30:03.033,['Performance measurement'],[],set(),set(),0,9.8,0.7403376591709016
19,302,Logic programming,,https://en.wikipedia.org/wiki/Logic programming,"Logic programming is a programming, database and knowledge representation paradigm based on formal logic. A logic program is a set of sentences in logical form, representing knowledge about some problem domain. Computation is performed by applying logical reasoning to that knowledge, to solve problems in the domain.  Major logic programming language families include Prolog, Answer Set Programming (ASP) and Datalog. In all of these languages, rules are written in the form of clauses:

A :- B1, ..., Bn.
and are read as declarative sentences in logical form:

A if B1 and ... and Bn.
A is called the head of the rule, B1, ..., Bn is called the body, and the Bi are called literals or conditions. When n = 0, the rule is called a fact and is written in the simplified form:

A.
Queries (or goals) have the same syntax as the bodies of rules and are commonly written in the form:

?- B1, ..., Bn.
In the simplest case of Horn clauses (or ""definite"" clauses), all of the A, B1, ..., Bn are atomic formulae of the form p(t1 ,..., tm), where p is a predicate symbol naming a relation, like ""motherhood"", and the ti are terms naming objects (or individuals). Terms include both constant symbols, like ""charles"", and variables, such as X, which start with an upper case letter.
Consider, for example, the following Horn clause program:

Given a query, the program produces answers.
For instance for a query  ?- parent_child(X, william), the single answer is

Various queries can be asked.  For instance
the program can be queried both to generate grandparents and to generate grandchildren. It can even be used to generate all pairs of grandchildren and grandparents, or simply to check if a given pair is such a pair:

Although Horn clause logic programs are Turing complete, for most practical applications, Horn clause programs need to be extended to ""normal"" logic programs with negative conditions. For example, the definition of sibling uses a negative condition, where the predicate = is defined by the clause  X = X :

Logic programming languages that include negative conditions have the knowledge representation capabilities of a non-monotonic logic.
In ASP and Datalog, logic programs have only a declarative reading, and their execution is performed by means of a proof procedure or model generator whose behaviour is not meant to be controlled by the programmer. However, in the Prolog family of languages, logic programs also have a procedural interpretation as goal-reduction procedures. From this point of view, clause A :- B1,...,Bn is understood as:

to solve A, solve B1, and ... and solve Bn.
Negative conditions in the bodies of clauses also have a procedural interpretation, known as negation as failure: A negative literal  not B is deemed to hold if and only if the positive literal  B fails to hold.
Much of the research in the field of logic programming has been concerned with trying to develop a logical semantics for negation as failure and with developing other semantics and other implementations for negation. These developments have been important, in turn, for supporting the development of formal methods for logic-based program verification and program transformation.",69aae4c88fce8e37dc83926c_concept_2121765058007134180,main_concept,,2026-03-06 14:30:03.033,"['Logic programming', 'Logic']",[],set(),set(),0,1.937142857142857,0.306953380834468
20,303,Life expectancy,,https://en.wikipedia.org/wiki/Life expectancy,"Human life expectancy is a statistical measure of the estimate of the average remaining years of life at a given age. The most commonly used measure is life expectancy at birth (LEB, or in demographic notation e0, where ex denotes the average life remaining at age x). This can be defined in two ways. Cohort LEB is the mean length of life of a birth cohort (in this case, all individuals born in a given year) and can be computed only for cohorts born so long ago that all their members have died. Period LEB is the mean length of life of a hypothetical cohort assumed to be exposed, from birth through death, to the mortality rates observed at a given year. National LEB figures reported by national agencies and international organizations for human populations are estimates of period LEB.
Human remains from the early Bronze Age indicate an LEB of 24. In 2019, world LEB was 73.3. A combination of high infant mortality and deaths in young adulthood from accidents, epidemics, plagues, wars, and childbirth, before modern medicine was widely available, significantly lowers LEB. For example, a society with a LEB of 40 would have relatively few people dying at exactly 40: most will die before 30 or after 55. In populations with high infant mortality rates, LEB is highly sensitive to the rate of death in the first few years of life. Because of this sensitivity, LEB can be grossly misinterpreted, leading to the belief that a population with a low LEB would have a small proportion of older people. A different measure, such as life expectancy at age 5 (e5), can be used to exclude the effect of infant mortality to provide a simple measure of overall mortality rates other than in early childhood. For instance, in a society with a life expectancy of 30, it may nevertheless be common to have a 40-year remaining timespan at age 5 (but not a 60-year one).
Aggregate population measures—such as the proportion of the population in various age groups—are also used alongside individual-based measures—such as formal life expectancy—when analyzing population structure and dynamics. Pre-modern societies had universally higher mortality rates and lower life expectancies at every age for both males and females.
Life expectancy, longevity, and maximum lifespan are not synonymous. Longevity refers to the relatively long lifespan of some members of a population. Maximum lifespan is the age at death for the longest-lived individual of a species. Mathematically, life expectancy is denoted 
  
    
      
        
          e
          
            x
          
        
      
    
    {\displaystyle e_{x}}
  
 and is the mean number of years of life remaining at a given age 
  
    
      
        x
      
    
    {\displaystyle x}
  
, with a particular mortality. Because life expectancy is an average, a particular person may die many years before or after the expected survival.
Life expectancy is also used in plant or animal ecology, and in life tables (also known as actuarial tables). The concept of life expectancy may also be used in the context of manufactured objects, though the related term shelf life is commonly used for consumer products, and the terms ""mean time to breakdown"" and ""mean time between failures"" are used in engineering.",69aae4c88fce8e37dc83926c_concept_8091036038508334118,main_concept,,2026-03-06 14:30:03.033,['Life expectancy'],[],set(),set(),0,7.252840909090909,0.8560012282703287
21,305,Workflow,,https://en.wikipedia.org/wiki/Workflow,"Workflow is a generic term for orchestrated and repeatable patterns of activity, enabled by the systematic organization of resources into processes that transform materials, provide services, or process information. It can be depicted as a sequence of operations, the work of a person or group, the work of an organization of staff, or one or more simple or complex mechanisms.
From a more abstract or higher-level perspective, workflow may be considered a view or representation of real work. The flow being described may refer to a document, service, or product that is being transferred from one step to another.
Workflows may be viewed as one fundamental building block to be combined with other parts of an organization's structure such as information technology, teams, projects and hierarchies.",69aae4c88fce8e37dc83926c_concept_8639374715885793316,main_concept,,2026-03-06 14:30:03.033,['Workflow'],[],set(),set(),0,5.377551020408164,0.6695835136149594
22,307,Spamming,,https://en.wikipedia.org/wiki/Spamming,"Spamming is the use of messaging systems to send multiple unsolicited messages (spam) to large numbers of recipients for the purpose of commercial advertising, non-commercial proselytizing, or any prohibited purpose (especially phishing). It can also be repeatedly sending the same message to the same user. The most widely recognized form of spam is email spam.
Similar abuses also occur in other media: instant messaging, Usenet newsgroup, Web search engines, blogs, wiki, online classified ads, mobile phone messaging, Internet forum,  fax transmissions, social spam, mobile apps, television advertising, and file sharing. It is named after Spam, a luncheon meat, by way of a Monty Python sketch about a restaurant that has Spam in almost every dish in which Vikings annoyingly sing ""Spam"" repeatedly.
Spamming remains economically viable because advertisers have no operating costs beyond the management of their mailing lists, servers, infrastructures, IP ranges, and domain names, and it is difficult to hold senders accountable for their mass mailings. The costs, such as lost productivity and fraud, are borne by the public and by Internet service providers, which have added extra capacity to cope with the volume. Spamming has been the subject of legislation in many jurisdictions.
A person who creates spam is called a spammer.",69aae4c88fce8e37dc83926c_concept_517678419737630862,main_concept,,2026-03-06 14:30:03.033,['Spamming'],[],set(),set(),0,6.789317507418398,0.9249523131757759
23,309,Email address,,https://en.wikipedia.org/wiki/Email address,"An email address identifies a mailbox to which email messages are delivered. While early messaging systems used a variety of address formats, email addresses today follow a specific set of rules originally standardized by the Internet Engineering Task Force (IETF) in the 1980s, and updated by RFC 5322 and 6854. The term ""email address"" in this article refers to just the addr-spec in Section 3.4 of RFC 5322. The RFC defines address more broadly as either a mailbox or group. A mailbox value can be either a name-addr, which contains a display-name and addr-spec, or the more common addr-spec alone.
An email address, such as john.smith@example.com, is made up of a local-part, the symbol @, and a domain, which may be either a domain name or an IP address enclosed in brackets. Although the standard stipulates that the local-part is case-sensitive, it also urges that receiving hosts deliver messages in a case-independent manner, e.g., that the mail system in the domain example.com treat John.Smith as equivalent to john.smith. (Some mail systems even treat both as equivalent to johnsmith.) Mail systems often limit the user's choice of name to a subset of the characters permitted by the RFCs. With the introduction of internationalized domain names, efforts are progressing to permit non-ASCII characters in email addresses.
Due to the ubiquity of email today, email addresses are used as regular usernames by many websites and services that provide a user profile or account. For example, if a user wants to log in to their Xbox Live video gaming profile, they would use their email address as the username ID of their Microsoft account, even though the service in this case is not email.",69aae4c88fce8e37dc83926c_concept_2345631291247217302,main_concept,,2026-03-06 14:30:03.033,[],[],set(),set(),0,4.262626262626263,0.9237767465830122
24,310,Statistic,,https://en.wikipedia.org/wiki/Statistic,"A statistic (singular) or sample statistic is any quantity computed from values in a sample which is considered for a statistical purpose. Statistical purposes include estimating a population parameter, describing a sample, or evaluating a hypothesis. The average (or mean) of sample values is a statistic. The term statistic is used both for the function (e.g., a calculation method of the average) and for the value of the function on a given sample (e.g., the result of the average calculation). When a statistic is being used for a specific purpose, it may be referred to by a name indicating its purpose.
When a statistic is used for estimating a population parameter, the statistic is called an estimator. A population parameter is any characteristic of a population under study, but when it is not feasible to directly measure the value of a population parameter, statistical methods are used to infer the likely value of the parameter on the basis of a statistic computed from a sample taken from the population. For example, the sample mean is an unbiased estimator of the population mean. This means that the expected value of the sample mean equals the true population mean.
A descriptive statistic is used to summarize the sample data. A test statistic is used in statistical hypothesis testing. A single statistic can be used for multiple purposes – for example, the sample mean can be used to estimate the population mean, to describe a sample data set, or to test a hypothesis.",69aae4c88fce8e37dc83926c_concept_2035285579445299861,main_concept,,2026-03-06 14:30:03.033,['Statistic'],[],set(),set(),0,2.183844011142061,0.8341373899364001
25,311,Algorithm,,https://en.wikipedia.org/wiki/Algorithm,"In mathematics and computer science, an algorithm ( ) is a finite sequence of mathematically rigorous instructions, typically used to solve a class of specific problems or to perform a computation. Algorithms are used as specifications for performing calculations and data processing. More advanced algorithms can use conditionals to divert the code execution through various routes (referred to as automated decision-making) and deduce valid inferences (referred to as automated reasoning).
In contrast, a heuristic is an approach to solving problems without well-defined correct or optimal results. For example, although social media recommender systems are commonly called ""algorithms"", they actually rely on heuristics as there is no truly ""correct"" recommendation.
As an effective method, an algorithm can be expressed within a finite amount of space and time and in a well-defined formal language for calculating a function. Starting from an initial state and initial input (perhaps empty), the instructions describe a computation that, when executed, proceeds through a finite number of well-defined successive states, eventually producing ""output"" and terminating at a final ending state. The transition from one state to the next is not necessarily deterministic; some algorithms, known as randomized algorithms, incorporate random input.",69aae4c88fce8e37dc83926c_concept_8778244245114134612,main_concept,,2026-03-06 14:30:03.033,['Algorithm'],[],set(),set(),0,11.881209503239742,0.8545124432293886
26,314,Missing data,,https://en.wikipedia.org/wiki/Missing data,"In statistics, missing data, or missing values, occur when no data value is stored for the variable in an observation.  Missing data are a common occurrence and can have a significant effect on the conclusions that can be drawn from the data.
Missing data can occur because of nonresponse: no information is provided for one or more items or for a whole unit (""subject""). Some items are more likely to generate a nonresponse than others: for example items about private subjects such as income. Attrition is a type of missingness that can occur in longitudinal studies—for instance studying development where a measurement is repeated after a certain period of time. Missingness occurs when participants drop out before the test ends and one or more measurements are missing.
Data often are missing in research in economics, sociology, and political science because governments or private entities choose not to, or fail to, report critical statistics, or because the information is not available. Sometimes missing values are caused by the researcher—for example, when data collection is done improperly or mistakes are made in data entry.
These forms of missingness take different types, with different impacts on the validity of conclusions from research: Missing completely at random, missing at random, and missing not at random.  Missing data can be handled similarly as censored data.",69aae4c88fce8e37dc83926c_concept_2399436466201826130,main_concept,,2026-03-06 14:30:03.033,['Missing data'],[],set(),set(),0,1.5590551181102361,4.5240753780310834e-305
27,316,Social computing,,https://en.wikipedia.org/wiki/Social computing,"Social computing refers to the intersection of social behavior and computational systems. It encompasses technologies that enable interaction, collaboration, and collective intelligence through digital platforms. Examples include social media, online communities, collaborative software, and crowdsourcing systems.
Social computing is an area of computer science that is concerned with the intersection of social behavior and computational systems. It is based on creating or fostering existing social conventions and social contexts through the use of software and technology. Blogs, email, instant messaging, social network services, wikis, social bookmarking and other instances of what is often called social software illustrate ideas from social computing. The rise in social computing is attributed to the prevalence of personal devices and increased overall computing power. This enables a growing number of users to participate in sharing content and interact with another.",69aae4c88fce8e37dc83926c_concept_6608475015659479155,main_concept,,2026-03-06 14:30:03.033,['Social computing'],[],set(),set(),0,3.366336633663366,0.9170422408237326
28,324,Structured support vector machine,,https://en.wikipedia.org/wiki/Structured support vector machine,"The structured supportvector machine is a machine learning algorithm that generalizes the support vector machine (SVM) classifier.  Whereas the SVM classifier supports binary classification, multiclass classification and regression, the structured SVM allows training of a classifier for general structured output labels.
As an example, a sample instance might be a natural language sentence, and the output label is an annotated parse tree.  Training a classifier consists of showing pairs of correct sample and output label pairs.  After training, the structured SVM model allows one to predict for new sample instances the corresponding output label; that is, given a natural language sentence, the classifier can produce the most likely parse tree.",69aae4fc8fce8e37dc8393fe_concept_2503265656113304391,related_concept,Support vector machine,2026-03-06 14:30:03.033,[],[],set(),set(),0,2.3333333333333335,0.8048955053088597
29,329,Margin classifier,,https://en.wikipedia.org/wiki/Margin classifier,"In machine learning (ML), a margin classifier is a type of classification model which is able to give an associated distance from the decision boundary for each data sample. For instance, if a linear classifier is used, the distance (typically Euclidean, though others may be used) of a sample from the separating hyperplane is the margin of that sample.
The notion of margins is important in several ML classification algorithms, as it can be used to bound the generalization error of these classifiers. These bounds are frequently shown using the VC dimension. The generalization error bound in boosting algorithms and support vector machines is particularly prominent.",69aae4fc8fce8e37dc8393fe_concept_2463331758944735540,related_concept,Support vector machine,2026-03-06 14:30:03.033,[],[],set(),set(),0,3.1666666666666665,0.8615757214823947
30,330,John Shawe-Taylor,,https://en.wikipedia.org/wiki/John Shawe-Taylor,"John Stewart Shawe-Taylor (born 1953) is Director of the Centre for Computational Statistics and Machine Learning at University College, London (UK). His main research area is statistical learning theory. He has contributed to a number of fields ranging from graph theory through cryptography to statistical learning theory and its applications. However, his main contributions have been in the development of the analysis and subsequent algorithmic definition of principled machine learning algorithms founded in statistical learning theory. This work has helped to drive a fundamental rebirth in the field of machine learning with the introduction of kernel methods and support vector machines, including the mapping of these approaches onto novel domains including work in computer vision, document classification and brain scan analysis. More recently he has worked on interactive learning and reinforcement learning. He has also been instrumental in assembling a series of influential European Networks of Excellence (initially the NeuroCOLT projects and later the PASCAL networks). The scientific coordination of these projects has influenced a generation of researchers and promoted the widespread uptake of machine learning in both science and industry that we are currently witnessing. He has published over 300 papers with over 42000 citations. Two books co-authored with Nello Cristianini have become standard monographs for the study of kernel methods and support vector machines and together have attracted 21000 citations. He was Head of the Computer Science Department at University College London from 2010 to 2019, where he oversaw a significant expansion and witnessed its emergence as the highest ranked Computer Science Department in the UK in the 2014 UK Research Evaluation Framework (REF).",69aae4fc8fce8e37dc8393fe_concept_7147234712767222125,related_concept,Support vector machine,2026-03-06 14:30:03.033,"['Computer', 'Statistic', 'Learning']",[],set(),set(),0,0.6451612903225806,0.8601342271807639
31,331,Relevance vector machine,,https://en.wikipedia.org/wiki/Relevance vector machine,"In mathematics, a Relevance Vector Machine (RVM) is a machine learning technique that uses Bayesian inference to obtain parsimonious solutions for regression and probabilistic classification. A greedy optimisation procedure and thus fast version were subsequently developed.
The RVM has an identical functional form to the support vector machine, but provides probabilistic classification.
It is actually equivalent to a Gaussian process model with covariance function:

  
    
      
        k
        (
        
          x
        
        ,
        
          
            x
            ′
          
        
        )
        =
        
          ∑
          
            j
            =
            1
          
          
            N
          
        
        
          
            1
            
              α
              
                j
              
            
          
        
        φ
        (
        
          x
        
        ,
        
          
            x
          
          
            j
          
        
        )
        φ
        (
        
          
            x
          
          ′
        
        ,
        
          
            x
          
          
            j
          
        
        )
      
    
    {\displaystyle k(\mathbf {x} ,\mathbf {x'} )=\sum _{j=1}^{N}{\frac {1}{\alpha _{j}}}\varphi (\mathbf {x} ,\mathbf {x} _{j})\varphi (\mathbf {x} ',\mathbf {x} _{j})}
  

where 
  
    
      
        φ
      
    
    {\displaystyle \varphi }
  
 is the kernel function (usually Gaussian), 
  
    
      
        
          α
          
            j
          
        
      
    
    {\displaystyle \alpha _{j}}
  
 are the variances of the prior on the weight vector

  
    
      
        w
        ∼
        N
        (
        0
        ,
        
          α
          
            −
            1
          
        
        I
        )
      
    
    {\displaystyle w\sim N(0,\alpha ^{-1}I)}
  
, and 
  
    
      
        
          
            x
          
          
            1
          
        
        ,
        …
        ,
        
          
            x
          
          
            N
          
        
      
    
    {\displaystyle \mathbf {x} _{1},\ldots ,\mathbf {x} _{N}}
  
 are the input vectors of the training set.
Compared to that of support vector machines (SVM), the Bayesian formulation of the RVM avoids the set of free parameters of the SVM (that usually require cross-validation-based post-optimizations). However RVMs use an expectation maximization (EM)-like learning method and are therefore at risk of local minima. This is unlike the standard sequential minimal optimization (SMO)-based algorithms employed by SVMs, which are guaranteed to find a global optimum (of the convex problem).
The relevance vector machine was patented in the United States by Microsoft (patent expired September 4, 2019).",69aae4fc8fce8e37dc8393fe_concept_2624889775566815118,related_concept,Support vector machine,2026-03-06 14:30:03.033,['Bayesian inference'],[],set(),set(),0,2.052980132450331,0.8564699081546329
32,333,Vladimir Vapnik,,https://en.wikipedia.org/wiki/Vladimir Vapnik,"Vladimir Naumovich Vapnik (Russian: Владимир Наумович Вапник; born 6 December 1936) is a statistician, researcher, and academic. He is one of the main developers of the Vapnik–Chervonenkis theory of statistical learning and the co-inventor of the support-vector machine method and support-vector clustering algorithms.",69aae4fc8fce8e37dc8393fe_concept_2157935729780168794,related_concept,Support vector machine,2026-03-06 14:30:03.033,[],[],set(),set(),0,1.099236641221374,0.8660207572994972
33,336,Regularization perspectives on support vector machines,,https://en.wikipedia.org/wiki/Regularization perspectives on support vector machines,"Within mathematical analysis, Regularization perspectives on support-vector machines provide a way of interpreting support-vector machines (SVMs) in the context of other regularization-based machine-learning algorithms.  SVM algorithms categorize binary data, with the goal of fitting the training set data in a way that minimizes the average of the hinge-loss function and L2 norm of the learned weights. This strategy avoids overfitting via Tikhonov regularization and in the L2 norm sense and also corresponds to minimizing the bias and variance of our estimator of the weights. Estimators with lower Mean squared error predict better or generalize better when given unseen data.
Specifically, Tikhonov regularization algorithms produce a decision boundary that minimizes the average training-set error and constrain the Decision boundary not to be excessively complicated or overfit the training data via a L2 norm of the weights term. The training and test-set errors can be measured without bias and in a fair way using accuracy, precision, Auc-Roc, precision-recall, and other metrics. 
Regularization perspectives on support-vector machines interpret SVM as a special case of Tikhonov regularization, specifically Tikhonov regularization with the hinge loss for a loss function.  This provides a theoretical framework with which to analyze SVM algorithms and compare them to other algorithms with the same goals: to generalize without overfitting. SVM was first proposed in 1995 by Corinna Cortes and Vladimir Vapnik, and framed geometrically as a method for finding hyperplanes that can separate multidimensional data into two categories. This traditional geometric interpretation of SVMs provides useful intuition about how SVMs work, but is difficult to relate to other machine-learning techniques for avoiding overfitting, like regularization, early stopping, sparsity and Bayesian inference.  However, once it was discovered that SVM is also a special case of Tikhonov regularization, regularization perspectives on SVM provided the theory necessary to fit SVM within a broader class of algorithms. This has enabled detailed comparisons between SVM and other forms of Tikhonov regularization, and theoretical grounding for why it is beneficial to use SVM's loss function, the hinge loss.",69aae4fc8fce8e37dc8393fe_concept_7565552158145335803,related_concept,Support vector machine,2026-03-06 14:30:03.033,"['Vladimir Vapnik', 'Bayesian inference']",[],set(),set(),0,0.5909090909090909,0.8122764944307422
34,337,Statistical learning theory,,https://en.wikipedia.org/wiki/Statistical learning theory,"Statistical learning theory is a framework for machine learning drawing from the fields of statistics and functional analysis. Statistical learning theory deals with the statistical inference problem of finding a predictive function based on data. Statistical learning theory has led to successful applications in fields such as computer vision, speech recognition, and bioinformatics.",69aae4fc8fce8e37dc8393fe_concept_3285114588035888101,related_concept,Support vector machine,2026-03-06 14:30:03.033,"['Statistic', 'Statistical learning theory']",[],set(),set(),0,1.6896551724137931,4.610372555000511e-305
35,340,Least-squares support vector machine,,https://en.wikipedia.org/wiki/Least-squares support vector machine,"Least-squares support-vector machines (LS-SVM) for statistics and in statistical modeling, are least-squares versions of support-vector machines (SVM), which are a set of related supervised learning methods that analyze data and recognize patterns, and which are used for classification and regression analysis.  In this version one finds the solution by solving a set of linear equations instead of a convex quadratic programming (QP) problem for classical SVMs. Least-squares SVM classifiers were proposed by Johan Suykens and Joos Vandewalle. LS-SVMs are a class of kernel-based learning methods.",69aae4fc8fce8e37dc8393fe_concept_926251314398470343,related_concept,Support vector machine,2026-03-06 14:30:03.033,[],[],set(),set(),0,0.12121212121212122,0.8528853210172032
36,342,Ordered logit,,https://en.wikipedia.org/wiki/Ordered logit,"In statistics, the ordered logit model or proportional odds logistic regression is an ordinal regression model—that is, a regression model for ordinal dependent variables—first considered by Peter McCullagh.  For example, if one question on a survey is to be answered by a choice among ""poor"", ""fair"", ""good"", ""very good"" and ""excellent"", and the purpose of the analysis is to see how well that response can be predicted by the responses to other questions, some of which may be quantitative, then ordered logistic regression may be used.  It can be thought of as an extension of the logistic regression model that applies to dichotomous dependent variables, allowing for more than two (ordered) response categories.",69aae4fc8fce8e37dc8393fe_concept_6861424965587022534,related_concept,Logistic regression,2026-03-06 14:30:03.033,[],[],set(),set(),0,1.4431818181818181,3.934293452216781e-305
37,343,Conditional logistic regression,,https://en.wikipedia.org/wiki/Conditional logistic regression,"Conditional logistic regression is an extension of logistic regression that allows one to account for stratification and matching. Its main field of application is observational studies and in particular epidemiology. It was devised in 1978 by Norman Breslow, Nicholas Day, Katherine Halvorsen, Ross L. Prentice and C. Sabai. It is the most flexible and general procedure for matched data.",69aae4fc8fce8e37dc8393fe_concept_8803812079776762729,related_concept,Logistic regression,2026-03-06 14:30:03.033,['Conditional logistic regression'],[],set(),set(),0,0.7272727272727273,0.4518866306156591
38,344,Logistic model tree,,https://en.wikipedia.org/wiki/Logistic model tree,"In computer science, a logistic model tree (LMT) is a classification model with an associated supervised training algorithm that combines logistic regression (LR) and decision tree learning.
Logistic model trees are based on the earlier idea of a model tree: a decision tree that has linear regression models at its leaves to provide a piecewise linear regression model (where ordinary decision trees with constants at their leaves would produce a piecewise constant model). In the logistic variant, the LogitBoost algorithm is used to produce an LR model at every node in the tree; the node is then split using the C4.5 criterion. Each LogitBoost invocation is warm-started from its results in the parent node. Finally, the tree is pruned.
The basic LMT induction algorithm uses cross-validation to find a number of LogitBoost iterations that does not overfit the training data. A faster version has been proposed that uses the Akaike information criterion to control LogitBoost stopping.",69aae4fc8fce8e37dc8393fe_concept_6280539244940872541,related_concept,Logistic regression,2026-03-06 14:30:03.033,"['Logistic model tree', 'Logit']",[],set(),set(),0,0.34459459459459457,0.8562544728126474
39,347,Linear regression,,https://en.wikipedia.org/wiki/Linear regression,"In statistics, linear regression is a model that estimates the relationship between a scalar response (dependent variable) and one or more explanatory variables (regressor or independent variable). A model with exactly one explanatory variable is a simple linear regression; a model with two or more explanatory variables is a multiple linear regression. This term is distinct from multivariate linear regression, which predicts multiple correlated dependent variables rather than a single dependent variable.
In linear regression, the relationships are modeled using linear predictor functions whose unknown model parameters are estimated from the data. Most commonly, the conditional mean of the response given the values of the explanatory variables (or predictors) is assumed to be an affine function of those values; less commonly, the conditional median or some other quantile is used. Like all forms of regression analysis, linear regression focuses on the conditional probability distribution of the response given the values of the predictors, rather than on the joint probability distribution of all of these variables, which is the domain of multivariate analysis.
Linear regression is also a type of machine learning algorithm, more specifically a supervised algorithm, that learns from the labelled datasets and maps the data points to the most optimized linear functions that can be used for prediction on new datasets.
Linear regression was the first type of regression analysis to be studied rigorously, and to be used extensively in practical applications. This is because models which depend linearly on their unknown parameters are easier to fit than models which are non-linearly related to their parameters and because the statistical properties of the resulting estimators are easier to determine.
Linear regression has many practical uses. Most applications fall into one of the following two broad categories:

If the goal is to reduce error, i.e. variance in prediction or forecasting, linear regression can be used to fit a predictive model to an observed data set of values of the response and explanatory variables. After developing such a model, if additional values of the explanatory variables are collected without an accompanying response value, the fitted model can be used to make a prediction of the response.
If the goal is to explain variation in the response variable that can be attributed to variation in the explanatory variables, linear regression analysis can be applied to quantify the strength of the relationship between the response and the explanatory variables, and in particular to determine whether some explanatory variables may have no linear relationship with the response at all, or to identify which subsets of explanatory variables may contain redundant information about the response.
Linear regression models are often fitted using the least squares approach, but they may also be fitted in other ways, such as by minimizing the ""lack of fit"" in some other norm (as with least absolute deviations regression), or by minimizing a penalized version of the least squares cost function as in ridge regression (L2-norm penalty) and lasso (L1-norm penalty). Use of the Mean Squared Error (MSE) as the cost on a dataset that has many large outliers, can result in a model that fits the outliers more than the true data due to the higher importance assigned by MSE to large errors. So, cost functions that are robust to outliers should be used if the dataset has many large outliers. Conversely, the least squares approach can be used to fit models that are not linear models. Thus, although the terms ""least squares"" and ""linear model"" are closely linked, they are not synonymous.",69aae4fc8fce8e37dc8393fe_concept_6562928905541633616,related_concept,Logistic regression,2026-03-06 14:30:03.033,['Linear regression'],[],set(),set(),0,2.7293497363796133,0.7627428736250038
40,348,Binomial regression,,https://en.wikipedia.org/wiki/Binomial regression,"In statistics, binomial regression is a regression analysis technique in which the response (often referred to as Y) has a binomial distribution: it is the number of successes in a series of ⁠
  
    
      
        n
      
    
    {\displaystyle n}
  
⁠ independent Bernoulli trials, where each trial has probability of success ⁠
  
    
      
        p
      
    
    {\displaystyle p}
  
⁠. In binomial regression, the probability of a success is related to explanatory variables: the corresponding concept in ordinary regression is to relate the mean value of the unobserved response to explanatory variables.
Binomial regression is closely related to binary regression: a binary regression can be considered a binomial regression with 
  
    
      
        n
        =
        1
      
    
    {\displaystyle n=1}
  
, or a regression on ungrouped binary data, while a binomial regression can be considered a regression on grouped binary data (see comparison). Binomial regression models are essentially the same as binary choice models, one type of discrete choice model: the primary difference is in the theoretical motivation (see comparison). In machine learning, binomial regression is considered a special case of probabilistic classification, and thus a generalization of binary classification.",69aae4fc8fce8e37dc8393fe_concept_308118333953937513,related_concept,Logistic regression,2026-03-06 14:30:03.033,['Binomial regression'],[],set(),set(),0,1.430622009569378,4.0635381863917706e-305
41,350,Logit,,https://en.wikipedia.org/wiki/Logit,"In statistics, the logit ( LOH-jit) function is the quantile function associated with the standard logistic distribution. It has many uses in data analysis and machine learning, especially in data transformations.
Mathematically, the logit is the inverse of the standard logistic function 
  
    
      
        σ
        (
        x
        )
        =
        1
        
          /
        
        (
        1
        +
        
          e
          
            −
            x
          
        
        )
      
    
    {\displaystyle \sigma (x)=1/(1+e^{-x})}
  
, so the logit is defined as

  
    
      
        logit
        ⁡
        p
        =
        
          σ
          
            −
            1
          
        
        (
        p
        )
        =
        ln
        ⁡
        
          
            p
            
              1
              −
              p
            
          
        
        
        
          for
        
        
        p
        ∈
        (
        0
        ,
        1
        )
        .
      
    
    {\displaystyle \operatorname {logit} p=\sigma ^{-1}(p)=\ln {\frac {p}{1-p}}\quad {\text{for}}\quad p\in (0,1).}
  

Because of this, the logit is also called the log-odds since it is equal to the logarithm of the odds 
  
    
      
        
          
            p
            
              1
              −
              p
            
          
        
      
    
    {\displaystyle {\frac {p}{1-p}}}
  
 where p is a probability. Thus, the logit is a type of function that maps probability values from 
  
    
      
        (
        0
        ,
        1
        )
      
    
    {\displaystyle (0,1)}
  
 to real numbers in 
  
    
      
        (
        −
        ∞
        ,
        +
        ∞
        )
      
    
    {\displaystyle (-\infty ,+\infty )}
  
, akin to the probit function.",69aae4fc8fce8e37dc8393fe_concept_7088134371688567540,related_concept,Logistic regression,2026-03-06 14:30:03.033,[],[],set(),set(),0,2.4857142857142858,3.9250202943082943e-305
42,351,Local case-control sampling,,https://en.wikipedia.org/wiki/Local case-control sampling,"In machine learning, local case-control sampling  is an algorithm used to reduce the complexity of training a logistic regression classifier. The algorithm reduces the training complexity by selecting a small subsample of the original dataset for training. It assumes the availability of an (unreliable) pilot estimation of the parameters. It then performs a single pass over the entire dataset using the pilot estimation to identify the most ""surprising"" samples. In practice, the pilot may come from prior knowledge or training using a subsample of the dataset. The algorithm is most effective when the underlying dataset is imbalanced. It exploits the structures of conditional imbalanced datasets more efficiently than alternative methods, such as case control sampling and weighted case control sampling.",69aae4fc8fce8e37dc8393fe_concept_7464502181973174733,related_concept,Logistic regression,2026-03-06 14:30:03.033,[],[],set(),set(),0,1.5,4.703999202407439e-305
43,353,Binary regression,,https://en.wikipedia.org/wiki/Binary regression,"In statistics, specifically regression analysis, a binary regression estimates a relationship between one or more explanatory variables and a single output binary variable. Generally the probability of the two alternatives is modeled, instead of simply outputting a single value, as in linear regression.
Binary regression is usually analyzed as a special case of binomial regression, with a single outcome (
  
    
      
        n
        =
        1
      
    
    {\displaystyle n=1}
  
), and one of the two alternatives considered as ""success"" and coded as 1: the value is the count of successes in 1 trial, either 0 or 1. The most common binary regression models are the logit model (logistic regression) and the probit model (probit regression).",69aae4fc8fce8e37dc8393fe_concept_6867535586558059105,related_concept,Logistic regression,2026-03-06 14:30:03.033,['Binary regression'],[],set(),set(),0,1.0481927710843373,3.887213489617478e-305
44,355,Linear predictor function,,https://en.wikipedia.org/wiki/Linear predictor function,"In statistics and in machine learning, a linear predictor function is a linear function (linear combination) of a set of coefficients and explanatory variables (independent variables), whose value is used to predict the outcome of a dependent variable.  This sort of function usually comes in linear regression, where the coefficients are called regression coefficients. However, they also occur in various types of linear classifiers (e.g. logistic regression, perceptrons, support vector machines, and linear discriminant analysis), as well as in various other models, such as principal component analysis and factor analysis.  In many of these models, the coefficients are referred to as ""weights"".",69aae4fc8fce8e37dc8393fe_concept_2040539923012919545,related_concept,Logistic regression,2026-03-06 14:30:03.033,[],[],set(),set(),0,0.6615384615384615,0.7888826059705534
45,356,Brier score,,https://en.wikipedia.org/wiki/Brier score,"The Brier score is a strictly proper scoring rule that measures the accuracy of probabilistic predictions. For unidimensional predictions, it is strictly equivalent to the mean squared error as applied to predicted probabilities.
The Brier score is applicable to tasks in which predictions must assign probabilities to a set of mutually exclusive discrete outcomes or classes. The set of possible outcomes can be either binary or categorical in nature, and the probabilities assigned to this set of outcomes must sum to one (where each individual probability is in the range of 0 to 1). It was proposed by Glenn W. Brier in 1950.
The Brier score can be thought of as a cost function. More precisely, across all items 
  
    
      
        i
        ∈
        
          1...
          N
        
      
    
    {\displaystyle i\in {1...N}}
  
 in a set of N predictions, the Brier score measures the mean squared difference between:

The predicted probability assigned to the possible outcomes for item i
The actual outcome 
  
    
      
        
          o
          
            i
          
        
      
    
    {\displaystyle o_{i}}
  

Therefore, the lower the Brier score is for a set of predictions, the better the predictions are calibrated. Note that the Brier score, in its most common formulation, takes on a value between zero and one, since this is the square of the largest possible difference between a predicted probability (which must be between zero and one) and the actual outcome (which can take on values of only 0 or 1).  In the original (1950) formulation of the Brier score, the range is double, from zero to two.
The Brier score is appropriate for binary and categorical outcomes that can be structured as true or false, but it is inappropriate for ordinal variables which can take on three or more values.",69aae4fc8fce8e37dc8393fe_concept_7395486018379491321,related_concept,Logistic regression,2026-03-06 14:30:03.033,['Brier score'],[],set(),set(),0,1.5,0.6344906121594146
46,359,Multinomial probit,,https://en.wikipedia.org/wiki/Multinomial probit,"In statistics and econometrics, the multinomial probit model is a generalization of the probit model used when there are several possible categories that the dependent variable can fall into. As such, it is an alternative to the multinomial logit model  as one method of multiclass classification. It is not to be confused with the multivariate probit model, which is used to model correlated binary outcomes for more than one independent variable.",69aae4fc8fce8e37dc8393fe_concept_8443962389516193469,related_concept,Logistic regression,2026-03-06 14:30:03.033,[],[],set(),set(),0,1.4430379746835442,3.8864516612317383e-305
47,360,Dummy variable (statistics),,https://en.wikipedia.org/wiki/Dummy variable (statistics),"In regression analysis, a dummy variable (also known as indicator variable or just dummy) is one that takes a binary value (0 or 1) to indicate the absence or presence of some categorical effect that may be expected to shift the outcome. For example, if we were studying the relationship between sex and income, we could use a dummy variable to represent the sex of each individual in the study. The variable could take on a value of 1 for males and 0 for females (or vice versa). In machine learning this is known as one-hot encoding.
Dummy variables are commonly used in regression analysis to represent categorical variables that have more than two levels, such as education level or occupation. In this case, multiple dummy variables would be created to represent each level of the variable, and only one dummy variable would take on a value of 1 for each observation. Dummy variables are useful because they allow us to include categorical variables in our analysis, which would otherwise be difficult to include due to their non-numeric nature. They can also help us to control for confounding factors and improve the validity of our results.
As with any addition of variables to a model, the addition of dummy variables will increase the within-sample model fit (coefficient of determination), but at a cost of fewer degrees of freedom and loss of generality of the model (out of sample model fit). Too many dummy variables result in a model that does not provide any general conclusions.
Dummy variables are useful in various cases. For example, in econometric time series analysis, dummy variables may be used to indicate the occurrence of wars, or major strikes. It could thus be thought of as a Boolean, i.e., a truth value represented as the numerical value 0 or 1 (as is sometimes done in computer programming).
Dummy variables may be extended to more complex cases. For example, seasonal effects may be captured by creating dummy variables for each of the seasons: D1=1 if the observation is for summer, and equals zero otherwise; D2=1 if and only if autumn, otherwise equals zero; D3=1 if and only if winter, otherwise equals zero; and D4=1 if and only if spring, otherwise equals zero. In the panel data fixed effects estimator dummies are created for each of the units in cross-sectional data (e.g. firms or countries) or periods in a pooled time-series. However in such regressions either the constant term has to be removed, or one of the dummies removed making this the base category against which the others are assessed, for the following reason:
If dummy variables for all categories were included, their sum would equal 1 for all observations, which is identical to and hence perfectly correlated with the vector-of-ones variable whose coefficient is the constant term; if the vector-of-ones variable were also present, this would result in perfect multicollinearity, so that the matrix inversion in the estimation algorithm would be impossible. This is referred to as the dummy variable trap.",69aae4fc8fce8e37dc8393fe_concept_8951194495826503964,related_concept,Logistic regression,2026-03-06 14:30:03.033,[],[],set(),set(),0,0.0,4.1589456689139865e-305
48,361,Probit model,,https://en.wikipedia.org/wiki/Probit model,"In statistics, a probit model is a type of regression where the dependent variable can take only two values, for example married or not married. The word is a portmanteau, coming from probability + unit. The purpose of the model is to estimate the probability that an observation with particular characteristics will fall into a specific one of the categories; moreover, classifying observations based on their predicted probabilities is a type of binary classification model.
A probit model is a popular specification for a binary response model. As such it treats the same set of problems as does logistic regression using similar techniques. When viewed in the generalized linear model framework, the probit model employs a probit link function. It is most often estimated using the maximum likelihood procedure, such an estimation being called a probit regression.",69aae4fc8fce8e37dc8393fe_concept_5754916149287655365,related_concept,Logistic regression,2026-03-06 14:30:03.033,[],[],set(),set(),0,0.0,3.863745796760178e-305
49,362,Logistic regression,,https://en.wikipedia.org/wiki/Logistic regression,"In statistics, a logistic model (or logit model) is a statistical model that models the log-odds of an event as a linear combination of one or more independent variables. In regression analysis, logistic regression (or logit regression) estimates the parameters of a logistic model (the coefficients in the linear or non linear combinations). In binary logistic regression there is a single binary dependent variable, coded by an indicator variable, where the two values are labeled ""0"" and ""1"", while the independent variables can each be a binary variable (two classes, coded by an indicator variable) or a continuous variable (any real value). The corresponding probability of the value labeled ""1"" can vary between 0 (certainly the value ""0"") and 1 (certainly the value ""1""), hence the labeling; the function that converts log-odds to probability is the logistic function, hence the name. The unit of measurement for the log-odds scale is called a logit, from logistic unit, hence the alternative names. See § Background and § Definition for formal mathematics, and § Example for a worked example.
Binary variables are widely used in statistics to model the probability of a certain class or event taking place, such as the probability of a team winning, of a patient being healthy, etc. (see § Applications), and the logistic model has been the most commonly used model for binary regression since about 1970. Binary variables can be generalized to categorical variables when there are more than two possible values (e.g. whether an image is of a cat, dog, lion, etc.), and the binary logistic regression generalized to multinomial logistic regression. If the multiple categories are ordered, one can use the ordinal logistic regression (for example the proportional odds ordinal logistic model). See § Extensions for further extensions. The logistic regression model itself simply models probability of output in terms of input and does not perform statistical classification (it is not a classifier), though it can be used to make a classifier, for instance by choosing a cutoff value and classifying inputs with probability greater than the cutoff as one class, below the cutoff as the other; this is a common way to make a binary classifier.
Analogous linear models for binary variables with a different sigmoid function instead of the logistic function (to convert the linear combination to a probability) can also be used, most notably the probit model; see § Alternatives. The defining characteristic of the logistic model is that increasing one of the independent variables multiplicatively scales the odds of the given outcome at a constant rate, with each independent variable having its own parameter; for a binary dependent variable this generalizes the odds ratio. More abstractly, the logistic function is the natural parameter for the Bernoulli distribution, and in this sense is the ""simplest"" way to convert a real number to a probability.
The parameters of a logistic regression are most commonly estimated by maximum-likelihood estimation (MLE). This does not have a closed-form expression, unlike linear least squares; see § Model fitting. Logistic regression by MLE plays a similarly basic role for binary or categorical responses as linear regression by ordinary least squares (OLS) plays for scalar responses: it is a simple, well-analyzed baseline model; see § Comparison with linear regression for discussion. The logistic regression as a general statistical model was originally developed and popularized primarily by Joseph Berkson, beginning in Berkson (1944), where he coined ""logit""; see § History.",69aae4fc8fce8e37dc8393fe_concept_1377789080105669281,main_concept,,2026-03-06 14:30:03.033,['Logistic regression'],[],set(),set(),0,0.0,3.9828303818181777e-305
50,364,Feature (machine learning),,https://en.wikipedia.org/wiki/Feature (machine learning),"In machine learning and pattern recognition, a feature is an individual measurable property or characteristic of a data set. Choosing informative, discriminating, and independent features is crucial to producing effective algorithms for pattern recognition, classification, and regression tasks. Features are usually numeric, but other types such as strings and graphs are used in syntactic pattern recognition, after some pre-processing step such as one-hot encoding. The concept of ""features"" is related to that of explanatory variables used in statistical techniques such as linear regression.",69aae4fc8fce8e37dc8393fe_concept_4542566991640784690,related_concept,Statistical classification,2026-03-06 14:30:03.033,[],[],set(),set(),0,0.0,0.7362853008087921
51,367,Data preprocessing,,https://en.wikipedia.org/wiki/Data preprocessing,"Data preprocessing can refer to manipulation, filtration or augmentation of data before it is analyzed, and is often an important step in the data mining process. Data collection methods are often loosely controlled, resulting in out-of-range values, impossible data combinations, and missing values, amongst other issues.
Preprocessing is the process by which unstructured data is transformed into intelligible representations suitable for machine-learning models. This phase of model deals with noise in order to arrive at better and improved results from the original data set which was noisy. This dataset also has some level of missing value present in it. 

The preprocessing pipeline used can often have large effects on the conclusions drawn from the downstream analysis. Thus, representation and quality of data is necessary before running any analysis. If there is a high proportion of irrelevant and redundant information present or noisy and unreliable data, then knowledge discovery during the training phase may be more difficult. Data preparation and filtering steps can take a considerable amount of processing time. Examples of methods used in data preprocessing include cleaning, instance selection, normalization, one-hot encoding, data transformation, feature extraction and feature selection.",69aae4fc8fce8e37dc8393fe_concept_9173281247267466441,related_concept,Statistical classification,2026-03-06 14:30:03.033,"['Data preparation', 'Data preprocessing']",[],set(),set(),0,0.0,0.6081024258306269
52,369,Multinomial logistic regression,,https://en.wikipedia.org/wiki/Multinomial logistic regression,"In statistics, multinomial logistic regression is a classification method that generalizes logistic regression to multiclass problems, i.e. with more than two possible discrete outcomes.  That is, it is a model that is used to predict the probabilities of the different possible outcomes of a categorically distributed dependent variable, given a set of independent variables (which may be real-valued, binary-valued, categorical-valued, etc.).
Multinomial logistic regression is known by a variety of other names, including polytomous LR, multiclass LR, softmax regression, multinomial logit (mlogit), the maximum entropy (MaxEnt) classifier, and the conditional maximum entropy model.",69aae4fc8fce8e37dc8393fe_concept_2670643245080707867,related_concept,Statistical classification,2026-03-06 14:30:03.033,['Multinomial logistic regression'],[],set(),set(),0,0.0,3.9063037468469587e-305
53,370,Classification rule,,https://en.wikipedia.org/wiki/Classification rule,"Given a population whose members each belong to one of a number of different sets or classes, a classification rule or classifier is a procedure by which the elements of the population set are each predicted to belong to one of the classes. A perfect classification is one for which every element in the population is assigned to the class it really belongs to. The bayes classifier is the classifier which assigns classes optimally based on the known attributes (i.e. features or regressors) of the elements to be classified.
A special kind of classification rule is binary classification, for problems in which there are only two classes.",69aae4fc8fce8e37dc8393fe_concept_3895597085315983731,related_concept,Statistical classification,2026-03-06 14:30:03.033,[],[],set(),set(),0,0.0,0.8746095704766715
54,374,Probabilistic classification,,https://en.wikipedia.org/wiki/Probabilistic classification,"In machine learning, a probabilistic classifier is a classifier that is able to predict, given an observation of an input, a probability distribution over a set of classes, rather than only outputting the most likely class that the observation should belong to. Probabilistic classifiers provide classification that can be useful in its own right or when combining classifiers into ensembles.",69aae4fc8fce8e37dc8393fe_concept_8455012740146181695,related_concept,Statistical classification,2026-03-06 14:30:03.033,[],[],set(),set(),0,0.0,0.8773346084935363
55,375,Binary classification,,https://en.wikipedia.org/wiki/Binary classification,"Binary classification is the task of putting things into one of two categories (each called a class). As such, it is the simplest form of the general task of classification into any number of classes. Typical binary classification problems include:

Medical testing to determine if a patient has a certain disease or not;
Quality control in industry, deciding whether a specification has been met;
In information retrieval, deciding whether a page should be in the result set of a search or not
In administration, deciding whether someone should be issued with a driving licence or not
In cognition, deciding whether an object is food or not food.
When measuring the accuracy of a binary classifier, the simplest way is to count the errors. But in the real world often one of the two classes is more important, so that the number of both of the different types of errors is of interest. For example, in medical testing, detecting a disease when it is not present (a false positive) is considered differently from not detecting a disease when it is present (a false negative).",69aae4fc8fce8e37dc8393fe_concept_8727896785835256013,related_concept,Statistical classification,2026-03-06 14:30:03.033,['Binary classification'],[],set(),set(),0,0.0,0.8642494647918855
56,377,Linear classifier,,https://en.wikipedia.org/wiki/Linear classifier,"In machine learning, a linear classifier makes a classification decision for each object based on a linear combination of its features.  A simpler definition is to say that a linear classifier is one whose decision boundaries are linear.  Such classifiers work well for practical problems such as document classification, and more generally for problems with many variables (features), reaching accuracy levels comparable to non-linear classifiers while taking less time to train and use.",69aae4fc8fce8e37dc8393fe_concept_6640837516106914193,related_concept,Statistical classification,2026-03-06 14:30:03.033,[],[],set(),set(),0,0.0,0.8555118875304779
57,380,Document classification,,https://en.wikipedia.org/wiki/Document classification,"Document classification or document categorization is a problem in library science, information science and computer science. The task is to assign a document to one or more classes or categories. This may be done ""manually"" (or ""intellectually"") or algorithmically. The intellectual classification of documents has mostly been the province of library science, while the algorithmic classification of documents is mainly in information science and computer science. The problems are overlapping, however, and there is therefore interdisciplinary research on document classification.
The documents to be classified may be texts, images, music, etc. Each kind of document possesses its special classification problems. When not otherwise specified, text classification is implied.
Documents may be classified according to their subjects or according to other attributes (such as document type, author, printing year etc.). In the rest of this article only subject classification is considered. There are two main philosophies of subject classification of documents: the content-based approach and the request-based approach.",69aae4fc8fce8e37dc8393fe_concept_58857540693989391,related_concept,Statistical classification,2026-03-06 14:30:03.033,['Document classification'],[],set(),set(),0,0.0,0.8682844334969914
58,381,Multiclass classification,,https://en.wikipedia.org/wiki/Multiclass classification,"In machine learning and statistical classification, multiclass classification or multinomial classification is the problem of classifying instances into one of three or more classes (classifying instances into one of two classes is called binary classification). For example, deciding on whether an image is showing a banana, peach, orange, or an apple is a multiclass classification problem, with four possible classes (banana, peach, orange, apple), while deciding on whether an image contains an apple or not is a binary classification problem (with the two possible classes being: apple, no apple). 
While many classification algorithms (notably multinomial logistic regression) naturally permit the use of more than two classes, some are by nature binary algorithms; these can, however, be turned into multinomial classifiers by a variety of strategies.
Multiclass classification should not be confused with multi-label classification, where multiple labels are to be predicted for each instance (e.g., predicting that an image contains both an apple and an orange, in the previous example).",69aae4fc8fce8e37dc8393fe_concept_6516621488986822991,related_concept,Statistical classification,2026-03-06 14:30:03.033,['Multiclass classification'],[],set(),set(),0,0.0,0.8378313421770262
59,384,Observational learning,,https://en.wikipedia.org/wiki/Observational learning,"Observational learning is learning that occurs through observing the behavior of others. It is a form of social learning which takes various forms, based on various processes. In humans, this form of learning seems to not need reinforcement to occur, but instead, requires a social model such as a parent, sibling, friend, or teacher with surroundings. Particularly in childhood, a model is someone of authority or higher status in an environment. In animals, observational learning is often based on classical conditioning, in which an instinctive behavior is elicited by observing the behavior of another (e.g. mobbing in birds), but other processes may be involved as well.",69aae4fc8fce8e37dc8393fe_concept_2866169516287965111,related_concept,Learning,2026-03-06 14:30:03.033,['Observational learning'],[],set(),set(),0,0.0,0.3404348688883597
60,385,Memory,,https://en.wikipedia.org/wiki/Memory,"Memory is the faculty of the mind by which data or information is encoded, stored, and retrieved when needed. It is the retention of information over time for the purpose of influencing future action. If past events could not be remembered, it would be impossible for language, relationships, or personal identity to develop. Memory loss is usually described as forgetfulness or amnesia.
Memory is often understood as an informational processing system with explicit and implicit functioning that is made up of a sensory processor, short-term (or working) memory, and long-term memory. This can be related to the neuron.
The sensory processor allows information from the outside world to be sensed in the form of chemical and physical stimuli and attended to various levels of focus and intent. Working memory serves as an encoding and retrieval processor. Information in the form of stimuli is encoded in accordance with explicit or implicit functions by the working memory processor. The working memory also retrieves information from previously stored material. Finally, the function of long-term memory is to store through various categorical models or systems.
Declarative, or explicit memory, is the conscious storage and recollection of data. Under declarative memory resides semantic and episodic memory. Semantic memory refers to memory that is encoded with specific meaning. Meanwhile, episodic memory refers to information that is encoded along a spatial and temporal plane. Declarative memory is usually the primary process thought of when referencing memory. Non-declarative, or implicit, memory is the unconscious storage and recollection of information. An example of a non-declarative process would be the unconscious learning or retrieval of information by way of procedural memory, or a priming phenomenon. Priming is the process of subliminally arousing specific responses from memory and shows that not all memory is consciously activated, whereas procedural memory is the slow and gradual learning of skills that often occurs without conscious attention to learning.
Memory is not a perfect processor and is affected by many factors. The ways by which information is encoded, stored, and retrieved can all be corrupted. Pain, for example, has been identified as a physical condition that impairs memory, and has been noted in animal models as well as chronic pain patients. The amount of attention given new stimuli can diminish the amount of information that becomes encoded for storage. Also, the storage process can become corrupted by physical damage to areas of the brain that are associated with memory storage, such as the hippocampus. Finally, the retrieval of information from long-term memory can be disrupted because of decay within long-term memory. Normal functioning, decay over time, and brain damage all affect the accuracy and capacity of the memory.",69aae4fc8fce8e37dc8393fe_concept_4910450413618563255,related_concept,Learning,2026-03-06 14:30:03.033,['Memory'],[],set(),set(),0,0.0,2.1430648582034063e-305
61,386,Active learning,,https://en.wikipedia.org/wiki/Active learning,"Active learning is ""a method of learning in which students are actively or experientially involved in the learning process and where there are different levels of active learning, depending on student involvement."" Bonwell & Eison (1991) states that ""students participate [in active learning] when they are doing something besides passively listening."" According to Hanson and Moser (2003) using active teaching techniques in the classroom can create better academic outcomes for students. Scheyvens, Griffin, Jocoy, Liu, & Bradford (2008) further noted that ""by utilizing learning strategies that can include small-group work, role-play and simulations, data collection and analysis, active learning is purported to increase student interest and motivation and to build students ‘critical thinking, problem-solving and social skills"". In a report from the Association for the Study of Higher Education, authors discuss a variety of methodologies for promoting active learning. They cite literature that indicates students must do more than just listen in order to learn. They must read, write, discuss, and be engaged in solving problems. This process relates to the three learning domains referred to as knowledge, skills and attitudes (KSA). This taxonomy of learning behaviors can be thought of as ""the goals of the learning process."" In particular, students must engage in such higher-order thinking tasks as analysis, synthesis, and evaluation.",69aae4fc8fce8e37dc8393fe_concept_7501191815152003051,related_concept,Learning,2026-03-06 14:30:03.033,['Active learning'],[],set(),set(),0,0.0,2.0092812262691392e-305
62,387,Educational psychology,,https://en.wikipedia.org/wiki/Educational psychology,"Educational psychology is the branch of psychology concerned with the scientific study of human learning. The study of learning processes, from both cognitive and behavioral perspectives, allows researchers to understand individual differences in intelligence, cognitive development, affect, motivation, self-regulation, and self-concept, as well as their role in learning. The field of educational psychology relies heavily on quantitative methods, including testing and measurement, to enhance educational activities related to instructional design, classroom management, and assessment, which serve to facilitate learning processes in various educational settings across the lifespan.
Educational psychology can in part be understood through its relationship with other disciplines. It is informed primarily by psychology, bearing a relationship to that discipline analogous to the relationship between medicine and biology. It is also informed by neuroscience. Educational psychology in turn informs a wide range of specialties within educational studies, including instructional design, educational technology, curriculum development, organizational learning, special education, classroom management, and student motivation. Educational psychology both draws from and contributes to cognitive science and the learning theory. In universities, departments of educational psychology are usually housed within faculties of education, possibly accounting for the lack of representation of educational psychology content in introductory psychology textbooks.
The field of educational psychology involves the study of memory, conceptual processes, and individual differences (via cognitive psychology) in conceptualizing new strategies for learning processes in humans. Educational psychology has been built upon theories of operant conditioning, functionalism, structuralism, constructivism, humanistic psychology, Gestalt psychology, and information processing.
Educational psychology has seen rapid growth and development as a profession in the last twenty years. School psychology began with the concept of intelligence testing leading to provisions for special education students, who could not follow the regular classroom curriculum in the early part of the 20th century. Another main focus of school psychology was to help close the gap for children of colour, as the fight against racial inequality and segregation was still very prominent, during the early to mid-1900s. However, ""school psychology"" itself has built a fairly new profession based upon the practices and theories of several psychologists among many different fields. Educational psychologists are working side by side with psychiatrists, social workers, teachers, speech and language therapists, and counselors in an attempt to understand the questions being raised when combining behavioral, cognitive, and social psychology in the classroom setting.",69aae4fc8fce8e37dc8393fe_concept_5483769953146666695,related_concept,Learning,2026-03-06 14:30:03.033,['Educational psychology'],[],set(),set(),0,0.0,2.0217932270698864e-305
63,388,Cognition,,https://en.wikipedia.org/wiki/Cognition,"Cognition encompasses mental processes that deal with knowledge. It includes psychological activities that acquire, store, retrieve, transform, or apply information. Cognitions are a pervasive part of mental life, helping individuals understand and interact with the world.
Cognitive processes are typically categorized by their function. Perception organizes sensory information, interpreting physical stimuli, such as light and sound, to construct a coherent experience of objects and events. Attention prioritizes specific aspects while filtering out irrelevant information. Memory is the ability to retain, store, and retrieve information, including working memory and long-term memory. Thinking encompasses psychological activities in which concepts, ideas, and mental representations are considered and manipulated. It includes reasoning, concept formation, problem-solving, and decision-making. Many cognitive activities deal with language, including language acquisition, comprehension, and production. Metacognition involves knowledge about knowledge or mental processes that monitor and regulate other mental processes. Classifications also distinguish between conscious and unconscious processes and between controlled and automatic ones.
Researchers discuss diverse theories of the nature of cognition. Classical computationalism posits that cognitive processes manipulate symbols according to formal rules, similar to how computers execute algorithms. Connectionism models the mind as a complex network of nodes where information flows as they communicate with each other. Representationalism and anti-representationalism disagree about whether cognitive processes operate on internal representations of the world.
Many disciplines explore cognition, including psychology, neuroscience, and cognitive science. They examine different levels of abstraction and employ distinct methods of inquiry. Some scientists study cognitive development, investigating how mental abilities grow from infancy through adulthood. While cognitive research mostly focuses on humans, it also explores how animals acquire knowledge and how artificial systems can emulate cognitive processes. The study of cognition has its roots in antiquity and has gained particular interdisciplinary prominence since the cognitive revolution starting in the 1950s.",69aae4fc8fce8e37dc8393fe_concept_3518892137051411846,related_concept,Learning,2026-03-06 14:30:03.033,"['Memory', 'Cognition', 'Connectionism', 'Classification']",[],set(),set(),0,0.0,2.1584535772370422e-305
64,389,Understanding,,https://en.wikipedia.org/wiki/Understanding,"Understanding is a cognitive process related to an abstract or physical object, such as a person, situation, or message whereby one is able to use concepts to model that object. Understanding is a relation between the knower and an object of understanding. Understanding implies abilities and dispositions with respect to an object of knowledge that are sufficient to support intelligent behavior.
Understanding is often, though not always, related to learning concepts, and sometimes also the theory or theories associated with those concepts. However, a person may have a good ability to predict the behavior of an object, animal or system—and therefore may, in some sense, understand it—without necessarily being familiar with the concepts or theories associated with that object, animal, or system in their culture. They may have developed their own distinct concepts and theories, which may be equivalent, better or worse than the recognized standard concepts and theories of their culture. Thus, understanding is correlated with the ability to make inferences.",69aae4fc8fce8e37dc8393fe_concept_3469743638891902044,related_concept,Learning,2026-03-06 14:30:03.033,['Understanding'],[],set(),set(),0,0.0,0.3032724420635056
65,391,Subgoal labeling,,https://en.wikipedia.org/wiki/Subgoal labeling,"Subgoal labeling is giving a name to a group of steps, in a step-by-step description of a process, to explain how the group of steps achieve a related subgoal. This concept is used in the fields of cognitive science and educational psychology.
Lower-level steps of a worked example are grouped into a meaningful unit and labeled. This labeling helps learners identify the structural information from incidental information. Learning subgoals can reduce cognitive load when problem solving because the learner has fewer possible problem-solving steps to focus. Subgoal-labeled worked examples might provide learners with mental model frameworks. In a recent study, Learners who were given labels for subgoals used those labels when explaining how they solved a problem, suggesting that's how they mentally organized the information.",69aae4fc8fce8e37dc8393fe_concept_5555457425534263458,related_concept,Learning,2026-03-06 14:30:03.033,"['Subgoal labeling', 'Learning']",[],set(),set(),0,0.0,0.43423795591351766
66,393,Learning theory (education),,https://en.wikipedia.org/wiki/Learning theory (education),"Learning theory attempts to describe how students receive, process, and retain knowledge during learning. Cognitive, emotional, and environmental influences, as well as prior experience, all play a part in how understanding, or a worldview, is acquired or changed and knowledge and skills retained.
Behaviorists look at learning as an aspect of conditioning and advocating a system of rewards and targets in education. Educators who embrace cognitive theory believe that the definition of learning as a change in behaviour is too narrow, and study the learner rather than their environment—and in particular the complexities of human memory. Those who advocate constructivism believe that a learner's ability to learn relies largely on what they already know and understand, and the acquisition of knowledge should be an individually tailored process of construction. Transformative learning theory focuses on the often-necessary change required in a learner's preconceptions and worldview. Geographical learning theory focuses on the ways that contexts and environments shape the learning process.
Outside the realm of educational psychology, techniques to directly observe the functioning of the brain during the learning process, such as event-related potential and functional magnetic resonance imaging, are used in educational neuroscience. The theory of multiple intelligences, where learning is seen as the interaction between dozens of different functional areas in the brain each with their own individual strengths and weaknesses in any particular human learner, has also been proposed, but empirical research has found the theory to be unsupported by evidence.",69aae4fc8fce8e37dc8393fe_concept_1297287901707992056,related_concept,Learning,2026-03-06 14:30:03.033,['Learning'],[],set(),set(),0,0.0,2.054338979127054e-305
67,394,Transfer of learning,,https://en.wikipedia.org/wiki/Transfer of learning,"Transfer of learning occurs when people apply information, strategies, and skills they have learned to a new situation or context. Transfer is not a discrete activity, but is rather an integral part of the learning process. Researchers attempt to identify when and how transfer occurs and to offer strategies to improve transfer.",69aae4fc8fce8e37dc8393fe_concept_3708478716485195484,related_concept,Learning,2026-03-06 14:30:03.033,['Transfer of learning'],[],set(),set(),0,0.0,1.9721041903374483e-305
68,395,Learn (disambiguation),,https://en.wikipedia.org/wiki/Learn (disambiguation),"To learn is the act of acquiring knowledge.
Learn may also refer to:

Ed Learn (born 1937), a Canadian football defensive back
Learn: The Songs of Phil Ochs, a 2006 folk album
Learn.com, a software company",69aae4fc8fce8e37dc8393fe_concept_1322186860526640663,related_concept,Learning,2026-03-06 14:30:03.033,[],[],set(),set(),0,0.0,0.3866714749292729
69,396,Learned (disambiguation),,https://en.wikipedia.org/wiki/Learned (disambiguation),"To be learned is to have much learning.
Learned may also refer to:

Learned (surname), an American surname
Learned Hand (1872–1961), an American judge and judicial philosopher
Learned, Mississippi, a town in the United States
Learned Pond, a body of water in Framingham, Massachusetts, United States",69aae4fc8fce8e37dc8393fe_concept_7515163595269605035,related_concept,Learning,2026-03-06 14:30:03.033,[],[],set(),set(),0,0.0,0.14682539994309282
70,397,Operant conditioning,,https://en.wikipedia.org/wiki/Operant conditioning,"Operant conditioning, also called instrumental conditioning, is a learning process in which voluntary behaviors are modified by association with the addition (or removal) of reward or aversive stimuli. The frequency or duration of the behavior may increase through reinforcement or decrease through punishment or extinction.",69aae4fc8fce8e37dc8393fe_concept_8598877479738425186,related_concept,Learning,2026-03-06 14:30:03.033,['Operant conditioning'],[],set(),set(),0,0.0,0.4381032970671965
71,398,Retraining,,https://en.wikipedia.org/wiki/Retraining,"Retraining is the process of learning or teaching new skills, or known skills in new ways. Upskilling is the process of improving skills in a current role, whereas reskilling develops new skills for new roles. Retraining may be a business priority that companies or organizations conduct on a regular basis, in order to avoid personnel obsolescence due to technological changes, as well as to refresh the knowledge base of its personnel. Retraining may also indicate the repetition of a prior training.",69aae4fc8fce8e37dc8393fe_concept_2305073553859120359,related_concept,Learning,2026-03-06 14:30:03.033,['Retraining'],[],set(),set(),0,0.0,0.23500767093590125
72,399,Meaningful learning,,https://en.wikipedia.org/wiki/Meaningful learning,"Meaningful learning refers to the act of higher order thinking and development through intellectual engagement that uses pattern recognition and concept association. It can include—but is not limited to—critical and creative thinking, inquiry, problem solving, critical discourse, and metacognitive skills. The concept and theory of meaningful learning is that learned information is completely understood and can now be used to make connections with other previously known knowledge aiding in further understanding. Since information is stored in a network of connections, it can be accessed from multiple starting points depending on the context of recall. Meaningful learning is often contrasted with rote learning, a method in which information is memorized sometimes without elements of understanding or relation to other objects or situations. A real-world example of a concept the learner has learned is an instance of meaningful learning.",69aae4fc8fce8e37dc8393fe_concept_5897143646139383962,related_concept,Learning,2026-03-06 14:30:03.033,['Meaningful learning'],[],set(),set(),0,0.0,2.0377000190973775e-305
73,400,Imprinting (psychology),,https://en.wikipedia.org/wiki/Imprinting (psychology),"In psychology and ethology, imprinting is a relatively rapid learning process that occurs during a particular developmental phase of life and leads to corresponding behavioural adaptations. The term originally was used to describe situations in which an animal internalises (learns) the characteristics of a perceived object, for example of a dangerous predator or a sweet fruit.
Sigmund Freud, the founder of psychoanalysis, provided the first scientific explanation of how imprinting really works, developing the thesis that our brain can store experiences in its neural network through ""a permanent change after an event"" –   one of the main functions of the long-term memory, which he called superego. Shaped by social experiences during childhood, this instance is connected to the ego (consciousness) which is necessary for controlling behaviour in order to satisfy a series of innate needs. Ultimately the imprinted superego performs the function of conscience, which makes aware of two types of feelings: warnings not to repeat wrong decisions; and anticipation of the repeated experience of satisfaction.
Even in ancient times, philosophers pondered the material properties that would be necessary for the function of ‘remembering’ and the learning process as such. To illustrate this, they imagined a kind of writing tablet in the brain, which was like soft clay and remained blank until an experience was mechanically ‘imprinted’ onto it.",69aae4fc8fce8e37dc8393fe_concept_9217685650310056259,related_concept,Learning,2026-03-06 14:30:03.033,[],[],set(),set(),0,0.0,2.0816648725387816e-305
74,401,Language acquisition,,https://en.wikipedia.org/wiki/Language acquisition,"Language acquisition is the process by which humans acquire the capacity to perceive and comprehend language. In other words, it is how human beings gain the ability to be aware of language, to understand it, and to produce and use words and sentences to communicate.
Language acquisition involves structures, rules, and representation. The capacity to successfully use language requires human beings to acquire a range of tools, including phonology, morphology, syntax, semantics, and an extensive vocabulary. Language can be vocalized as in speech, or manual as in sign. Human language capacity is represented in the brain. Even though human language capacity is finite, one can say and understand an infinite number of sentences, which is based on a syntactic principle called recursion. Evidence suggests that every individual has three recursive mechanisms that allow sentences to go indeterminately. These three mechanisms are: relativization, complementation and coordination.
There are two main guiding principles in first-language acquisition: speech perception always precedes speech production, and the gradually evolving system by which a child learns a language is built up one step at a time, beginning with the distinction between individual phonemes.
For many years, linguists interested in child language acquisition have questioned how language is acquired. Lidz et al. state, ""The question of how these structures are acquired, then, is more properly understood as the question of how a learner takes the surface forms in the input and converts them into abstract linguistic rules and representations.""
Language acquisition usually refers to first-language acquisition. It studies infants' acquisition of their native language, whether that is a spoken language or a sign language, though it can also refer to bilingual first language acquisition (BFLA), referring to an infant's simultaneous acquisition of two native languages. This is distinguished from second-language acquisition, which deals with the acquisition (in both children and adults) of additional languages. On top of speech, reading and writing a language with an entirely different script increases the complexities of true foreign language literacy. Language acquisition is one of the quintessential human traits.",69aae4fc8fce8e37dc8393fe_concept_6091272659135952134,related_concept,Learning,2026-03-06 14:30:03.033,['Language acquisition'],[],set(),set(),0,0.0,0.2990786179476657
75,402,Implicit learning,,https://en.wikipedia.org/wiki/Implicit learning,"Implicit learning is the learning of complex information in an unintentional manner, without awareness of what has been learned.  According to Frensch and Rünger (2003) the general definition of implicit learning is still subject to some controversy, although the topic has had some significant developments since the 1960s. Implicit learning may require a certain minimal amount of attention and may depend on attentional and working memory mechanisms. The result of implicit learning is implicit knowledge in the form of abstract (but possibly instantiated) representations rather than verbatim or aggregate representations, and scholars have drawn similarities between implicit learning and implicit memory.
Examples from daily life, like learning how to ride a bicycle or how to swim, are cited as demonstrations of the nature of implicit learning and its mechanism. It has been claimed that implicit learning differs from explicit learning by the absence of consciously accessible knowledge. Evidence supports a clear distinction between implicit and explicit learning; for instance, research on amnesia often shows intact implicit learning but impaired explicit learning. Another difference is that brain areas involved in working memory and attention are often more active during explicit than implicit learning.",69aae4fc8fce8e37dc8393fe_concept_545616357918152684,related_concept,Learning,2026-03-06 14:30:03.033,['Implicit learning'],[],set(),set(),0,0.0,2.0918866024380963e-305
76,403,Informal learning,,https://en.wikipedia.org/wiki/Informal learning,"Informal learning is characterized by a low degree of planning and organizing of the learning context, learning support, learning time, and learning objectives. It differs from formal learning, non-formal learning, and self-regulated learning, as it has no set objective in its learning outcomes, but an intent to act from the learner's standpoint (e.g., to solve a problem).  The term is often conflated with non-formal learning and self-directed learning.  It is widely used in the context of corporate training and education in relation to return on investment (ROI), or return on learning (ROL).  It is also used when referring to science education, in relation to citizen science, or informal science education.
Typical mechanisms of informal learning include trial and error or learning-by-doing, modeling, feedback, and reflection. This includes heuristic language building, socialization, enculturation, and play.  Informal learning is a popular learning method that incorporates participation or learning through knowledge creation, in contrast with the traditional practice of teacher-centered learning via knowledge acquisition.  Estimates suggest that about 70–90% of adult learning takes place informally and outside educational institutions. 
The conflated definition of informal and non-formal learning explicates mechanisms of learning that organically occur outside the realm of traditional instructor-led programs.  This may include participating in self-study programs, navigation of performance support materials and systems, practicing incidental skills, receiving coaching or mentoring, seeking advice from peers, or participating in communities of practice, to name a few.
Informal learning is common in communities where individuals have opportunities to observe and participate in social activities. Cited advantages of informal learning include flexibility and adaptation to learning needs, direct transfer of learning into practice, and rapid resolution of work-related problems. For improving employees' performance, task execution is considered the most important source of learning.",69aae4fc8fce8e37dc8393fe_concept_6185730024117269009,related_concept,Learning,2026-03-06 14:30:03.033,['Informal learning'],[],set(),set(),0,0.0,0.3780217717451474
77,405,Prognosis,,https://en.wikipedia.org/wiki/Prognosis,"Prognosis (Greek: πρόγνωσις ""fore-knowing, foreseeing""; pl.: prognoses) is a medical term for predicting the likelihood or expected development of a disease, including whether the signs and symptoms will improve or worsen (and how quickly) or remain stable over time; expectations of quality of life, such as the ability to carry out daily activities; the potential for complications and associated health issues; and the likelihood of survival (including life expectancy). A prognosis is made on the basis of the normal course of the diagnosed disease, the individual's physical and mental condition, the available treatments, and additional factors. A complete prognosis includes the expected duration, function, and description of the course of the disease, such as progressive decline, intermittent crisis, or sudden, unpredictable crisis.
When applied to large statistical populations, prognostic estimates can be very accurate: for example the statement ""45% of patients with severe septic shock will die within 28 days"" can be made with some confidence, because previous research found that this proportion of patients died. This statistical information does not apply to the prognosis for each individual patient, because patient-specific factors can substantially change the expected course of the disease: additional information is needed to determine whether a patient belongs to the 45% who will die, or to the 55% who survive.",69aae4fc8fce8e37dc8393fe_concept_4438001728606339286,related_concept,Prediction,2026-03-06 14:30:03.033,['Prognosis'],[],set(),set(),0,0.0,0.8076215644899841
78,406,Prediction (disambiguation),,https://en.wikipedia.org/wiki/Prediction (disambiguation),"A prediction is a statement or claim that a particular event will occur in the future.
Prediction may also refer to:

Prediction (film), a 1993 Russian film
""Prediction"", a song by Steel Pulse from their 1978 album Handsworth Revolution
""The Prediction"", a song by Nas from his 1999 album Nastradamus
""The Prediction"", a song by A Thorn for Every Heart from their 2004 album Things Aren't So Beautiful Now",69aae4fc8fce8e37dc8393fe_concept_8086897130721015689,related_concept,Prediction,2026-03-06 14:30:03.033,['Prediction'],[],set(),set(),0,0.0,2.7999691201210903e-305
79,407,Reference class forecasting,,https://en.wikipedia.org/wiki/Reference class forecasting,"Reference class forecasting or comparison class forecasting is a method of predicting the future by looking at similar past situations and their outcomes. The theories behind reference class forecasting were developed by Daniel Kahneman and Amos Tversky. The theoretical work helped Kahneman win the Nobel Prize in Economics.
Reference class forecasting is so named as it predicts the outcome of a planned action based on actual outcomes in a reference class of similar actions to that being forecast.
Discussion of which reference class to use when forecasting a given situation is known as the reference class problem.",69aae4fc8fce8e37dc8393fe_concept_180692962571562206,related_concept,Prediction,2026-03-06 14:30:03.033,['Reference class forecasting'],[],set(),set(),0,0.0,0.43467417327951363
80,408,Prediction game,,https://en.wikipedia.org/wiki/Prediction game,"A prediction game is a game which allow users to guess at the outcome of future events. Prediction games are generally operated online and are free for users to play. Points are awarded to players who most accurately predict the outcome of an event, and those points are converted into cash prizes.",69aae4fc8fce8e37dc8393fe_concept_3935312704082880271,related_concept,Prediction,2026-03-06 14:30:03.033,"['Prediction game', 'Prediction']",[],set(),set(),0,0.0,2.649908977218094e-305
81,409,Clinical prediction rule,,https://en.wikipedia.org/wiki/Clinical prediction rule,"A clinical prediction rule or clinical probability assessment specifies how to use medical signs, symptoms, and other findings to estimate the probability of a specific disease or clinical outcome.
Physicians have difficulty in estimated risks of diseases; frequently erring towards overestimation, perhaps due to cognitive biases such as base rate fallacy in which the risk of an adverse outcome is exaggerated.",69aae4fc8fce8e37dc8393fe_concept_2737219761658620629,related_concept,Prediction,2026-03-06 14:30:03.033,[],[],set(),set(),0,0.0,0.8408982076359715
82,410,Prediction market,,https://en.wikipedia.org/wiki/Prediction market,"Prediction markets, also known as betting markets, information markets, decision markets, idea futures, or event derivatives, are open markets that enable the prediction of specific outcomes using financial incentives (gambling on real world events).  They are exchange-traded markets established for trading bets in the outcome of various events. The market prices can indicate what the crowd thinks the probability of the event is. A typical prediction market contract is set up to trade between 0 and 100%. The most common form of a prediction market is a binary option market, which will expire at the price of 0 or 100%. Prediction markets can be thought of as belonging to the more general concept of crowdsourcing which is specially designed to aggregate information on particular topics of interest. The main purpose of prediction markets are eliciting aggregating beliefs about an unknown future event.  Traders with different beliefs trade on contracts whose payoffs are related to the unknown future outcome and the market prices of the contracts are considered as the aggregated belief.",69aae4fc8fce8e37dc8393fe_concept_4973679522942726821,related_concept,Prediction,2026-03-06 14:30:03.033,"['Prediction market', 'Prediction']",[],set(),set(),0,0.0,2.756025283328886e-305
83,411,Planning,,https://en.wikipedia.org/wiki/Planning,"Planning is the process of thinking regarding the activities required to achieve a desired goal. Planning is based on foresight, the fundamental capacity for mental time travel. Some researchers regard the evolution of forethought - the capacity to think ahead - as a prime mover in human evolution.
Planning is a fundamental property of intelligent behavior. It involves the use of logic and imagination to visualize not only a desired result, but the steps necessary to achieve that result.
An important aspect of planning is its relationship to forecasting. Forecasting aims to predict what the future will look like, while planning imagines what the future could look like.
Planning according to established principles - most notably since the early-20th century -
forms a core part of many professional occupations, particularly in fields such as management and business. Once people have developed a plan, they can measure and assess progress, efficiency and effectiveness. As circumstances change, plans may need to be modified or even abandoned.
In light of the popularity of the concept of planning, some adherents of the idea advocate planning for unplannable eventualities.",69aae4fc8fce8e37dc8393fe_concept_765405261680873267,related_concept,Prediction,2026-03-06 14:30:03.033,"['Planning', 'Forecasting']",[],set(),set(),0,0.0,2.668469411939325e-305
84,412,Financial forecast,,https://en.wikipedia.org/wiki/Financial forecast,"A financial forecast is an estimate of future financial outcomes for a company or project, usually applied in corporate budgeting, capital budgeting and/or valuation. Depending on context, the term may also refer to a listed company's (quarterly) earnings guidance.
For a country or economy, see Economic forecast.
Typically, using historical internal accounting and sales data, in addition to external industry data and economic indicators, a financial forecast represents the analyst's modeled prediction of company outcomes in financial terms over a given time period.
For the components and steps of business modeling, see Outline of finance § Financial modeling.
Arguably, the key aspect of preparing a financial forecast is predicting revenue; future costs, fixed and variable, as well as capital, can then be estimated as a function of sales via ""common-sized analysis""—where relationships are derived from historical financial ratios and other accounting relationships. 
At the same time, the resultant line items must align with the business's operations: in general, growth in revenue will require corresponding increases in working capital, fixed assets (see owner earnings) and associated financing; and in the long term, profitability (and other financial ratios) should tend to the industry average. See Valuation using discounted cash flows  § Determine cash flow for each forecast period for a more detailed discussion and other considerations; also Cash flow forecasting.
There is an extensive literature on the accuracy of analyst forecasts of revenue, profit, and share price developments of companies. In general, this literature shows that analysts do not produce better forecasts than simple forecasting models.
(In addition to the above outline, for financial forecasts, analysts often also use specific historical financial information, such as the 52-week high of stock prices, to augment their analysis of stock prices.)


== References ==",69aae4fc8fce8e37dc8393fe_concept_3818129726882052812,related_concept,Prediction,2026-03-06 14:30:03.033,[],[],set(),set(),0,0.0,0.40238893078851035
85,413,Economic forecasting,,https://en.wikipedia.org/wiki/Economic forecasting,"Economic forecasting is the process of making predictions about the economy. Forecasts can be made at a high level of aggregation—for example, for GDP, inflation, unemployment, or the fiscal deficit. They can also be made at a more disaggregated level, targeting specific economic sectors or even individual firms. This practice is a fundamental part of economic analysis, providing a measure of a potential investment's future prospects and helping shape policy decisions.
Many institutions engage in economic forecasting: national governments, banks and central banks, consultants and private sector entities such as think-tanks, and companies or international organizations such as the International Monetary Fund, World Bank and the OECD. A broad range of forecasts are collected and compiled by ""Consensus Economics"". Some forecasts are produced annually, but many are updated more frequently.
The economist typically considers risks (i.e., events or conditions that can cause the result to vary from their initial estimates). These risks help illustrate the reasoning process used in arriving at the final forecast numbers. Economists typically use commentary along with data visualization tools such as tables and charts to communicate their forecast. In preparing economic forecasts a variety of information has been used in an attempt to increase the accuracy.
Everything from macroeconomic, microeconomic, market data from the future, machine-learning (neural networks), and human behavioral studies have all been used to achieve better forecasts. Forecasts are used for a variety of purposes. Governments and businesses use economic forecasts to help them determine their strategy, multi-year plans, and budgets for the upcoming year. Stock market analysts use forecasts to help them estimate the valuation of a company and its stock.
Economists select which variables are important to the subject material under discussion. Economists may use statistical analysis of historical data to determine the apparent relationships between particular independent variables and their relationship to the dependent variable under study. For example, to what extent did changes in housing prices affect the net worth of the population overall in the past? This relationship can then be used to forecast the future. That is, if housing prices are expected to change in a particular way, what effect would that have on the future net worth of the population? Forecasts are generally based on sample data rather than a complete population, which introduces uncertainty. The economist conducts statistical tests and develops statistical models (often using regression analysis) to determine which relationships best describe or predict the behavior of the variables under study. Historical data and assumptions about the future are applied to the model in arriving at a forecast for particular variables.",69aae4fc8fce8e37dc8393fe_concept_4397602311326305161,related_concept,Prediction,2026-03-06 14:30:03.033,['Economic forecasting'],[],set(),set(),0,0.0,2.62243763670575e-305
86,414,Predictive analytics,,https://en.wikipedia.org/wiki/Predictive analytics,"Predictive analytics encompasses a variety of statistical techniques from data mining, predictive modeling, and machine learning that analyze current and historical facts to make predictions about future or otherwise unknown events.
In business, predictive models exploit patterns found in historical and transactional data to identify risks and opportunities. Models capture relationships among many factors to allow assessment of risk or potential associated with a particular set of conditions, guiding decision-making for candidate transactions.
The defining functional effect of these technical approaches is that predictive analytics provides a predictive score (probability) for each individual (customer, employee, healthcare patient, product SKU, vehicle, component, machine, or other organizational unit) in order to determine, inform, or influence organizational processes that pertain across large numbers of individuals, such as in marketing, credit risk assessment, fraud detection, manufacturing, healthcare, and government operations including law enforcement.
Since 2022, the field has evolved significantly with the integration of generative AI and large language models (LLMs), moving from purely numerical forecasting to ""Predictive GenAI,"" which combines forecasting with automated content generation and agentic workflows.",69aae4fc8fce8e37dc8393fe_concept_3578665186177940426,related_concept,Prediction,2026-03-06 14:30:03.033,['Predictive analytics'],[],set(),set(),0,0.0,0.5486740150009952
87,416,Predict (disambiguation),,https://en.wikipedia.org/wiki/Predict (disambiguation),"Predict may refer to:

to predict, the act of prediction
Predict (USAID), a US government program to identify new viruses.
PREDICT (U.S. DHS), a U.S. cybersecurity government database of the United States Department of Homeland Security
FT Predict, a market prediction contest established by the Financial Times",69aae4fc8fce8e37dc8393fe_concept_3928963109704548245,related_concept,Prediction,2026-03-06 14:30:03.033,[],[],set(),set(),0,0.0,2.660410346561629e-305
88,417,Predictability,,https://en.wikipedia.org/wiki/Predictability,"Predictability is the degree to which a correct prediction or forecast of a system's state can be made, either qualitatively or quantitatively.",69aae4fc8fce8e37dc8393fe_concept_1187421196080034140,related_concept,Prediction,2026-03-06 14:30:03.033,['Predictability'],[],set(),set(),0,0.0,2.7180754444673083e-305
89,420,Forecasting,,https://en.wikipedia.org/wiki/Forecasting,"Forecasting is the process of making predictions based on past and present data. These forecasts can later be compared with actual outcomes. For example, a company might estimate their revenue in the next year, then compare it against the actual results creating a variance actual analysis. Prediction is a similar but more general term. Forecasting might refer to specific formal statistical methods employing time series, cross-sectional or longitudinal data, or alternatively to less formal judgmental methods or the process of prediction and assessment of its accuracy. Usage can vary between areas of application: for example, in hydrology the terms ""forecast"" and ""forecasting"" are sometimes reserved for estimates of values at certain specific future times, while the term ""prediction"" is used for more general estimates, such as the number of times floods will occur over a long period.

Risk and uncertainty are central to forecasting and prediction; it is generally considered a good practice to indicate the degree of uncertainty attaching to forecasts. In any case, the data must be up to date in order for the forecast to be as accurate as possible. In some cases the data used to predict the variable of interest is itself forecast. A forecast is not to be confused with a Budget; budgets are more specific, fixed-term financial plans used for resource allocation and control, while forecasts provide estimates of future financial performance, allowing for flexibility and adaptability to changing circumstances.  Both tools are valuable in financial planning and decision-making, but they serve different functions.",69aae4fc8fce8e37dc8393fe_concept_6090817024508897315,related_concept,Prediction,2026-03-06 14:30:03.033,"['Forecasting', 'Prediction']",[],set(),set(),0,0.0,2.8269118361729273e-305
90,422,Stock market prediction,,https://en.wikipedia.org/wiki/Stock market prediction,Stock market prediction is the act of trying to determine the future value of a company stock or other financial instrument traded on an exchange. The successful prediction of a stock's future price could yield significant profit. The efficient market hypothesis suggests that stock prices reflect all currently available information and any price changes that are not based on newly revealed information thus are inherently unpredictable. Others disagree and those with this viewpoint possess myriad methods and technologies which purportedly allow them to gain future price information.,69aae4fc8fce8e37dc8393fe_concept_8142303947859919256,related_concept,Prediction,2026-03-06 14:30:03.033,['Stock market prediction'],[],set(),set(),0,0.0,2.6602938749041314e-305
91,424,Predictive power,,https://en.wikipedia.org/wiki/Predictive power,"The concept of predictive power, the power of a scientific theory to generate testable predictions, differs from explanatory power and descriptive power (where phenomena that are already known are retrospectively explained or described by a given theory) in that it allows a prospective test of theoretical understanding.",69aae4fc8fce8e37dc8393fe_concept_1934503929268125883,related_concept,Prediction,2026-03-06 14:30:03.033,[],[],set(),set(),0,0.0,0.3718686095841235
92,425,Prediction,,https://en.wikipedia.org/wiki/Prediction,"A prediction (from Latin  prae- 'before' and  dictum 'something said') or  forecast is a statement about a future event or about future data. Predictions are often, but not always, based upon experience or knowledge of forecasters. There is no universal agreement about the exact difference between ""prediction"" and ""estimation""; different authors and disciplines ascribe different connotations.
Future events are necessarily uncertain, so guaranteed accurate information about the future is impossible. Prediction can be useful to assist in making plans about possible developments.",69aae4fc8fce8e37dc8393fe_concept_2969707160813663328,main_concept,,2026-03-06 14:30:03.033,['Prediction'],[],set(),set(),0,0.0,2.6957936914404184e-305
93,426,Connectionism,,https://en.wikipedia.org/wiki/Connectionism,"Connectionism is an approach to the study of human mental processes and cognition that utilizes mathematical models known as connectionist networks or artificial neural networks.
Connectionism has had many ""waves"" since its beginnings. The first wave appeared 1943 with Warren Sturgis McCulloch and Walter Pitts both focusing on comprehending neural circuitry through a formal and mathematical approach, and Frank Rosenblatt who published the 1958 paper ""The Perceptron: A Probabilistic Model For Information Storage and Organization in the Brain"" in Psychological Review, while working at the Cornell Aeronautical Laboratory. The first wave ended with the 1969 book Perceptrons about limitations of the original perceptron idea, written by Marvin Minsky and Seymour Papert, which contributed to discouraging major funding agencies in the US from investing in connectionist research. With a few noteworthy deviations, most connectionist research entered a period of inactivity until the mid-1980s. The term connectionist model was reintroduced in a 1982 paper in the journal Cognitive Science by Jerome Feldman and Dana Ballard.
The second wave blossomed in the late 1980s, following a 1987 book Parallel Distributed Processing by James L. McClelland, David E. Rumelhart, et al., which introduced a couple of improvements to the simple perceptron idea, such as intermediate processors (now known as ""hidden layers"") alongside input and output units, and used a sigmoid activation function instead of the old ""all-or-nothing"" function. Their work built upon that of John Hopfield, who was a key figure investigating the mathematical characteristics of sigmoid activation functions. From the late 1980s to the mid-1990s, connectionism took on an almost revolutionary tone when Schneider, Terence Horgan and Tienson posed the question of whether connectionism represented a fundamental shift in psychology and so-called ""good old-fashioned AI"", or GOFAI. Some advantages of the second wave connectionist approach included its applicability to a broad array of functions, structural approximation to biological neurons, low requirements for innate structure, and capacity for graceful degradation. Its disadvantages included the difficulty in deciphering how ANNs process information or account for the compositionality of mental representations, and a resultant difficulty explaining phenomena at a higher level.
The current (third) wave has been marked by advances in deep learning, which have made possible the creation of large language models. The success of deep-learning networks in the past decade has greatly increased the popularity of this approach, but the complexity and scale of such networks has brought with them increased interpretability problems.",69aae4fc8fce8e37dc8393fe_concept_8756126493519951484,related_concept,Neural network,2026-03-06 14:30:03.033,"['Connectionism', 'Perceptron']",[],set(),set(),0,0.0,1.8315069171218783e-305
94,427,Backpropagation,,https://en.wikipedia.org/wiki/Backpropagation,"In machine learning, backpropagation is a gradient computation method commonly used for training a neural network in computing parameter updates.
It is an efficient application of the chain rule to neural networks. Backpropagation computes the gradient of a loss function with respect to the weights of the network for a single input–output example, and does so efficiently, computing the gradient one layer at a time, iterating backward from the last layer to avoid redundant calculations of intermediate terms in the chain rule; this can be derived through dynamic programming.
Strictly speaking, the term backpropagation refers only to an algorithm for efficiently computing the gradient, not how the gradient is used; but the term is often used loosely to refer to the entire learning algorithm. This includes changing model parameters in the negative direction of the gradient, such as by stochastic gradient descent, or as an intermediate step in a more complicated optimizer, such as Adaptive Moment Estimation.
Backpropagation had multiple discoveries and partial discoveries, with a tangled history and terminology. See the history section for details. Some other names for the technique include ""reverse mode of automatic differentiation"" or ""reverse accumulation"".",69aae4fc8fce8e37dc8393fe_concept_4347540105540403231,related_concept,Neural network,2026-03-06 14:30:03.033,['Backpropagation'],[],set(),set(),0,0.0,0.5153137975914156
95,428,Perceptron,,https://en.wikipedia.org/wiki/Perceptron,"In machine learning, the perceptron is an algorithm for supervised learning of binary classifiers.  A binary classifier is a function that can decide whether or not an input, represented by a vector of numbers, belongs to some specific class.  It is a type of linear classifier, i.e. a classification algorithm that makes its predictions based on a linear predictor function combining a set of weights with the feature vector.",69aae4fc8fce8e37dc8393fe_concept_4492139171309562004,related_concept,Neural network,2026-03-06 14:30:03.033,[],[],set(),set(),0,0.0,0.8759915111304067
96,429,Neural network software,,https://en.wikipedia.org/wiki/Neural network software,"Neural network software is used to simulate, research, develop, and apply artificial neural networks, software concepts adapted from biological neural networks, and in some cases, a wider array of adaptive systems such as artificial intelligence and machine learning.",69aae4fc8fce8e37dc8393fe_concept_7612678348055829384,related_concept,Neural network,2026-03-06 14:30:03.033,"['Neural network software', 'Neural network']",[],set(),set(),0,0.0,0.36234542718188134
97,430,Bio-inspired computing,,https://en.wikipedia.org/wiki/Bio-inspired computing,"Bio-inspired computing, short for biologically inspired computing, is a field of study which seeks to solve computer science problems using models of biology. It relates to connectionism, social behavior, and emergence. Within computer science, bio-inspired computing relates to artificial intelligence and machine learning. Bio-inspired computing is a major subset of natural computation.",69aae4fc8fce8e37dc8393fe_concept_2027597117522776895,related_concept,Neural network,2026-03-06 14:30:03.033,['Bio-inspired computing'],[],set(),set(),0,0.0,0.6004268048932888
98,431,Nervous system,,https://en.wikipedia.org/wiki/Nervous system,"In biology, the nervous system is the highly complex part of an animal that coordinates its actions and sensory information by transmitting signals to and from different parts of its body. The nervous system detects environmental changes that impact the body, then works in tandem with the endocrine system to respond to such events. Nervous tissue first arose in wormlike organisms about 550 to 600 million years ago. In vertebrates, it consists of two main parts, the central nervous system (CNS) and the peripheral nervous system (PNS). The CNS consists of the brain and spinal cord. The PNS consists mainly of nerves, which are enclosed bundles of the long fibers, or axons, that connect the CNS to every other part of the body. Nerves that transmit signals from the brain are called motor nerves (efferent), while those nerves that transmit information from the body to the CNS are called sensory nerves (afferent). The PNS is divided into two separate subsystems, the somatic and autonomic nervous systems. The autonomic nervous system is further subdivided into the sympathetic,  parasympathetic and enteric nervous systems. The sympathetic nervous system is activated in cases of emergencies to mobilize energy, while the parasympathetic nervous system is activated when organisms are in a relaxed state. The enteric nervous system functions to control the gastrointestinal system. Nerves that exit from the brain are called cranial nerves while those exiting from the spinal cord are called spinal nerves.
The nervous system consists of nervous tissue which, at a cellular level, is defined by the presence of a special type of cell, called the neuron. Neurons have special structures that allow them to send signals rapidly and precisely to other cells. They send these signals in the form of electrochemical impulses traveling along thin fibers called axons, which can be directly transmitted to neighboring cells through electrical synapses or cause chemicals called neurotransmitters to be released at chemical synapses. A cell that receives a synaptic signal from a neuron may be excited, inhibited, or otherwise modulated. The connections between neurons can form neural pathways, neural circuits, and larger networks that generate an organism's perception of the world and determine its behavior. Along with neurons, the nervous system contains other specialized cells called glial cells (or simply glia), which provide structural and metabolic support. Many of the cells and vasculature channels within the nervous system make up the neurovascular unit, which regulates cerebral blood flow in order to rapidly satisfy the high energy demands of activated neurons.
Nervous systems are found in most multicellular animals, but vary greatly in complexity. The only multicellular animals that have no nervous system at all are sponges, placozoans, and mesozoans, which have very simple body plans. The nervous systems of the radially symmetric organisms ctenophores (comb jellies) and cnidarians (which include anemones, hydras, corals and jellyfish) consist of a diffuse nerve net. All other animal species, with the exception of a few types of worm, have a nervous system containing a brain, a central cord (or two cords running in parallel), and nerves radiating from the brain and central cord. The size of the nervous system ranges from a few hundred cells in the simplest worms, to around 300 billion cells in African elephants.
The central nervous system functions to send signals from one cell to others, or from one part of the body to others and to receive feedback. Malfunction of the nervous system can occur as a result of genetic defects, physical damage due to trauma or toxicity, infection, or simply senescence. The medical specialty of neurology studies disorders of the nervous system and looks for interventions that can prevent or treat them. In the peripheral nervous system, the most common problem is the failure of nerve conduction, which can be due to different causes including diabetic neuropathy and demyelinating disorders such as multiple sclerosis and amyotrophic lateral sclerosis. Neuroscience is the field of science that focuses on the study of the nervous system.",69aae4fc8fce8e37dc8393fe_concept_4520805395129634248,related_concept,Neural network,2026-03-06 14:30:03.033,"['Nervous system', 'Neuron', 'Neuroscience']",[],set(),set(),0,0.0,0.22071948724972643
99,432,Hidden layer,,https://en.wikipedia.org/wiki/Hidden layer,"In artificial neural networks, a hidden layer is a layer of artificial neurons that is neither an input layer nor an output layer. The simplest examples appear in multilayer perceptrons (MLP), as illustrated in the diagram. 
An MLP without any hidden layer is essentially just a linear model. With hidden layers and activation functions, however, nonlinearity is introduced into the model.
In typical machine learning practice, the weights and biases are initialized, then iteratively updated during training via backpropagation.


== References ==",69aae4fc8fce8e37dc8393fe_concept_8138227453138428859,related_concept,Neural network,2026-03-06 14:30:03.033,[],[],set(),set(),0,0.0,1.8424993571525748e-305
100,433,Neural network (disambiguation),,https://en.wikipedia.org/wiki/Neural network (disambiguation),"A neural network is an interconnected population of neurons:

Neural network (biology), a network of real neurons in the brain
Neural network (machine learning), a network of mathematical neurons used in computation
Neural network or Neural Networks may also refer to:

Neural Networks (journal), a peer-reviewed scientific journal
Neural Networks: A Comprehensive Foundation, a 1999 book by Simon Haykin
Neural Networks. A Systematic Introduction, a 1996 book by Raúl Rojas",69aae4fc8fce8e37dc8393fe_concept_605624537663418534,related_concept,Neural network,2026-03-06 14:30:03.033,"['Neural network (machine learning)', 'Neural network (biology)', 'Neural network']",[],set(),set(),0,0.0,1.9094079124840988e-305
101,434,Neural circuit,,https://en.wikipedia.org/wiki/Neural circuit,"A neural circuit is a population of neurons interconnected by synapses to carry out a specific function when activated. Multiple neural circuits interconnect with one another to form large scale brain networks.
Neural circuits have inspired the design of artificial neural networks, though there are significant differences.",69aae4fc8fce8e37dc8393fe_concept_643614936484694964,related_concept,Neural network,2026-03-06 14:30:03.033,['Neural circuit'],[],set(),set(),0,0.0,1.890938419517681e-305
102,435,Artificial neuron,,https://en.wikipedia.org/wiki/Artificial neuron,"An artificial neuron is a mathematical function conceived as a model of a biological neuron in a neural network. The artificial neuron is the elementary unit of an artificial neural network.
The design of the artificial neuron was inspired by biological neural circuitry. Its inputs are analogous to excitatory postsynaptic potentials and inhibitory postsynaptic potentials at neural dendrites, or activation. Its weights are analogous to synaptic weights, and its output is analogous to a neuron's action potential which is transmitted along its axon.
Usually, each input is separately weighted, and the sum is often added to a term known as a bias (loosely corresponding to the threshold potential), before being passed through a nonlinear function known as an activation function. Depending on the task, these functions could have a sigmoid shape (e.g. for binary classification), but they may also take the form of other nonlinear functions, piecewise linear functions, or step functions. They are also often monotonically increasing, continuous, differentiable, and bounded. Non-monotonic, unbounded, and oscillating activation functions with multiple zeros that outperform sigmoidal and ReLU-like activation functions on many tasks have also been recently explored. The threshold function has inspired building logic gates referred to as threshold logic; applicable to building logic circuits resembling brain processing. For example, new devices such as memristors have been extensively used to develop such logic.
The artificial neuron activation function should not be confused with a linear system's transfer function.
An artificial neuron may be referred to as a semi-linear unit, Nv neuron, binary neuron, linear threshold function, or McCulloch–Pitts (MCP) neuron, depending on the structure used.
Simple artificial neurons, such as the McCulloch–Pitts model, are sometimes described as ""caricature models"", since they are intended to reflect one or more neurophysiological observations, but without regard to realism. Artificial neurons can also refer to artificial cells in neuromorphic engineering that are similar to natural physical neurons.",69aae4fc8fce8e37dc8393fe_concept_2824107596547297202,related_concept,Neural network,2026-03-06 14:30:03.033,['Artificial neuron'],[],set(),set(),0,0.0,1.8439082975691438e-305
103,436,Feedforward neural network,,https://en.wikipedia.org/wiki/Feedforward neural network,"A feedforward neural network is an artificial neural network in which information flows in a single direction – inputs are multiplied by weights to obtain outputs (inputs-to-output). It contrasts with a recurrent neural network, in which loops allow information from later processing stages to feed back to earlier stages. Feedforward multiplication is essential for backpropagation, because feedback, where the outputs feed back to the very same inputs and modify them, forms an infinite loop which is not possible to differentiate through backpropagation. This nomenclature appears to be a point of confusion between some computer scientists and scientists in other fields studying brain networks.",69aae4fc8fce8e37dc8393fe_concept_1024684444048043918,related_concept,Neural network,2026-03-06 14:30:03.033,[],[],set(),set(),0,0.0,1.8738397669586512e-305
104,437,Artificial intelligence,,https://en.wikipedia.org/wiki/Artificial intelligence,"Artificial intelligence (AI) is the capability of computational systems to perform tasks typically associated with human intelligence, such as learning, reasoning, problem-solving, perception, and decision-making. It is a field of research in computer science that develops and studies methods and software that enable machines to perceive their environment and use learning and intelligence to take actions that maximize their chances of achieving defined goals.
High-profile applications of AI include advanced web search engines (e.g., Google Search); recommendation systems (used by YouTube, Amazon, and Netflix); virtual assistants (e.g., Google Assistant, Siri, and Alexa); autonomous vehicles (e.g., Waymo); generative and creative tools (e.g., language models and AI art); and superhuman play and analysis in strategy games (e.g., chess and Go). However, many AI applications are not perceived as AI: ""A lot of cutting edge AI has filtered into general applications, often without being called AI because once something becomes useful enough and common enough it's not labeled AI anymore.""
Various subfields of AI research are centered around particular goals and the use of particular tools. The traditional goals of AI research include learning, reasoning, knowledge representation, planning, natural language processing, perception, and support for robotics. To reach these goals, AI researchers have adapted and integrated a wide range of techniques, including search and mathematical optimization, formal logic, artificial neural networks, and methods based on statistics, operations research, and economics. AI also draws upon psychology, linguistics, philosophy, neuroscience, and other fields. Some companies, such as OpenAI, Google DeepMind and Meta, aim to create artificial general intelligence (AGI) – AI that can complete virtually any cognitive task at least as well as a human.
Artificial intelligence was founded as an academic discipline in 1956, and the field went through multiple cycles of optimism throughout its history, followed by periods of disappointment and loss of funding, known as AI winters. Funding and interest vastly increased after 2012 when graphics processing units started being used to accelerate neural networks, and deep learning outperformed previous AI techniques. This growth accelerated further after 2017 with the transformer architecture. In the 2020s, an ongoing period of rapid progress in advanced generative AI became known as the AI boom. Generative AI's ability to create and modify content has led to several unintended consequences and harms. Ethical concerns have been raised about AI's long-term effects and potential existential risks, prompting discussions about regulatory policies to ensure the safety and benefits of the technology.",69aae4fc8fce8e37dc8393fe_concept_3032508805599262856,related_concept,Neural network,2026-03-06 14:30:03.033,['Artificial intelligence'],[],set(),set(),0,0.0,0.8689097738285207
105,438,Neural network (machine learning),,https://en.wikipedia.org/wiki/Neural network (machine learning),"In machine learning, a neural network (NN) or neural net, also known as an artificial neural network (ANN), is a computational model inspired by the structure and functions of biological neural networks.
A neural network consists of connected units or nodes called artificial neurons, which loosely model the neurons in the brain. Artificial neuron models that mimic biological neurons more closely have also been recently investigated and shown to significantly improve performance. These are connected by edges, which model the synapses in the brain. Each artificial neuron receives signals from connected neurons, then processes them and sends a signal to other connected neurons. The ""signal"" is a real number, and the output of each neuron is computed by some non-linear function of the totality of its inputs, called the activation function. The strength of the signal at each connection is determined by a weight, which adjusts during the learning process.
Typically, neurons are aggregated into layers. Different layers may perform different transformations on their inputs. Signals travel from the first layer (the input layer) to the last layer (the output layer), possibly passing through multiple intermediate layers (hidden layers). A network is typically called a deep neural network if it has at least two hidden layers.
Artificial neural networks are used for various tasks, including predictive modeling, adaptive control, and solving problems in artificial intelligence. They can learn from experience, and can derive conclusions from a complex and seemingly unrelated set of information.",69aae4fc8fce8e37dc8393fe_concept_1153589537596149807,related_concept,Neural network,2026-03-06 14:30:03.033,['Artificial neuron'],[],set(),set(),0,0.0,1.8699198996090655e-305
106,440,History of artificial neural networks,,https://en.wikipedia.org/wiki/History of artificial neural networks,"Artificial neural networks (ANNs) are models created using machine learning to perform a number of tasks. Their creation was inspired by biological neural circuitry. While some of the computational implementations ANNs relate to earlier discoveries in mathematics, the first implementation of ANNs was by psychologist Frank Rosenblatt, who developed the perceptron. Little research was conducted on ANNs in the 1970s and 1980s, with the AAAI calling this period an ""AI winter"".
Later, advances in hardware and the development of the backpropagation algorithm, as well as recurrent neural networks and convolutional neural networks, renewed interest in ANNs. The 2010s saw the development of a deep neural network (i.e., one with many layers) called AlexNet. It greatly outperformed other image recognition models, and is thought to have launched the ongoing AI spring, and further increasing interest in deep learning. The transformer architecture was first described in 2017 as a method to teach ANNs grammatical dependencies in language, and is the predominant architecture used by large language models such as GPT-4. Diffusion models were first described in 2015, and became the basis of image generation models such as DALL-E in the 2020s.",69aae4fc8fce8e37dc8393fe_concept_2825245740715402463,related_concept,Neural network,2026-03-06 14:30:03.033,[],[],set(),set(),0,0.0,0.32598572359662087
107,441,Neuron,,https://en.wikipedia.org/wiki/Neuron,"A neuron (American English), neurone (British English), or nerve cell, is a cell that is excitable, firing electric signals called action potentials across a neural network in the nervous system, mainly in the central nervous system and help to receive and conduct impulses. Neurons communicate with other cells via synapses, which are specialized connections that commonly use minute amounts of chemical neurotransmitters to pass the electric signal from the presynaptic neuron to the target cell through the synaptic gap.
Neurons are the main components of nervous tissue in all animals except sponges and placozoans. Plants and fungi do not have nerve cells. Molecular evidence suggests that the ability to generate electric signals first appeared in evolution some 700 to 800 million years ago, during the Tonian period. Predecessors of neurons were the peptidergic secretory cells. They eventually gained new gene modules which enabled cells to create post-synaptic scaffolds and ion channels that generate fast electrical signals. The ability to generate electric signals was a key innovation in the evolution of the nervous system.
Neurons are typically classified into three types based on their function. Sensory neurons respond to stimuli such as touch, sound, or light that affect the cells of the sensory organs, and they send signals to the spinal cord and then to the sensorial area in the brain. Motor neurons receive signals from the brain and spinal cord to control everything from muscle contractions to glandular output. Interneurons connect neurons to other neurons within the same region of the brain or spinal cord. When multiple neurons are functionally connected together, they form what is called a neural circuit.
A neuron contains all the structures of other cells such as a nucleus, mitochondria, and Golgi bodies but has additional unique structures such as an axon, and dendrites. The soma or cell body, is a compact structure, and the axon and dendrites are filaments extruding from the soma. Dendrites typically branch profusely and extend a few hundred micrometers from the soma. The axon leaves the soma at a swelling called the axon hillock and travels for as far as 1 meter in humans or more in other species. It branches but usually maintains a constant diameter. At the farthest tip of the axon's branches are axon terminals, where the neuron can transmit a signal across the synapse to another cell. Neurons may lack dendrites or have no axons. The term neurite is used to describe either a dendrite or an axon, particularly when the cell is undifferentiated.
Most neurons receive signals via the dendrites and soma and send out signals down the axon. At the majority of synapses, signals cross from the axon of one neuron to the dendrite of another. However, synapses can connect an axon to another axon or a dendrite to another dendrite. The signaling process is partly electrical and partly chemical. Neurons are electrically excitable, due to the maintenance of voltage gradients across their membranes. If the voltage changes by a large enough amount over a short interval, the neuron generates an all-or-nothing electrochemical pulse called an action potential. This potential travels rapidly along the axon and activates synaptic connections as it reaches them. Synaptic signals may be excitatory or inhibitory, increasing or reducing the net voltage that reaches the soma.
In most cases, neurons are generated by neural stem cells during brain development and childhood. Neurogenesis largely ceases during adulthood in most areas of the brain.",69aae4fc8fce8e37dc8393fe_concept_3281776713073808832,related_concept,Neural network,2026-03-06 14:30:03.033,['Neuron'],[],set(),set(),0,0.0,1.900956469151283e-305
108,442,Neuroscience,,https://en.wikipedia.org/wiki/Neuroscience,"Neuroscience is the scientific study of the nervous system (the brain, spinal cord, and peripheral nervous system), its functions, and its disorders. It is a multidisciplinary science that combines physiology, anatomy, molecular biology, developmental biology, cytology, psychology, physics, computer science, chemistry, medicine, statistics, and mathematical modeling to understand the fundamental and emergent properties of neurons, glia, and neural circuits. The understanding of the biological basis of learning, memory, behavior, perception, and consciousness has been described by Eric Kandel as the ""epic challenge"" of the biological sciences.
The scope of neuroscience has broadened over time to include different approaches used to study the nervous system at different scales. The techniques used by neuroscientists have expanded enormously, from molecular and cellular studies of individual neurons to imaging of sensory, motor, and cognitive tasks in the brain.",69aae4fc8fce8e37dc8393fe_concept_2410946705855384352,related_concept,Neural network,2026-03-06 14:30:03.033,['Neuroscience'],[],set(),set(),0,0.0,1.91422877566486e-305
109,444,Neural network (biology),,https://en.wikipedia.org/wiki/Neural network (biology),"A neural network, also called a neuronal network, is an interconnected population of neurons (typically containing multiple neural circuits). Biological neural networks are studied to understand the organization and functioning of nervous systems.
Closely related are artificial neural networks, machine learning models inspired by biological neural networks. They consist of artificial neurons, which are mathematical functions that are designed to be analogous to the mechanisms used by neural circuits.",69aae4fc8fce8e37dc8393fe_concept_5313014446321672113,related_concept,Neural network,2026-03-06 14:30:03.033,[],[],set(),set(),0,0.0,0.31354629157327746
110,445,Deep learning,,https://en.wikipedia.org/wiki/Deep learning,"In machine learning, deep learning (DL) focuses on utilizing multilayered neural networks to perform tasks such as classification, regression, and representation learning. The field takes inspiration from biological neuroscience and revolves around stacking artificial neurons into layers and ""training"" them to process data. The adjective ""deep"" refers to the use of multiple layers (ranging from three to several hundred or thousands) in the network. Methods used can be supervised, semi-supervised or unsupervised.
Some common deep learning network architectures include fully connected networks, deep belief networks, recurrent neural networks, convolutional neural networks, generative adversarial networks, transformers, and neural radiance fields. These architectures have been applied to fields including computer vision, speech recognition, natural language processing, machine translation, bioinformatics, drug design, medical image analysis, climate science, material inspection and board game programs, where they have produced results comparable to and in some cases surpassing human expert performance.
Early forms of neural networks were inspired by information processing and distributed communication nodes in biological systems, particularly the human brain. However, current neural networks do not intend to model the brain function of organisms, and are generally seen as low-quality models for that purpose.",69aae4fc8fce8e37dc8393fe_concept_8735342184337488283,related_concept,Neural network,2026-03-06 14:30:03.033,[],[],set(),set(),0,0.0,1.8557529253910683e-305
111,446,Neural network,,https://en.wikipedia.org/wiki/Neural network,"A neural network is a group of interconnected units called neurons that send signals to one another. Neurons can be either biological cells or mathematical models. While individual neurons are simple, many of them together in a network can perform complex tasks. There are two main types of neural networks.

In neuroscience, a biological neural network is a physical structure found in brains and complex nervous systems – a population of nerve cells connected by synapses.
In machine learning, an artificial neural network is a mathematical model used to approximate nonlinear functions. Artificial neural networks are used to solve artificial intelligence problems.",69aae4fc8fce8e37dc8393fe_concept_8074902498434048384,main_concept,,2026-03-06 14:30:03.033,['Neuron'],[],set(),set(),0,0.0,0.3086338636961064
112,447,Meta-learning (computer science),,https://en.wikipedia.org/wiki/Meta-learning (computer science),"Meta-learning
is a subfield of machine learning where automatic learning algorithms are applied to metadata about machine learning experiments. As of 2017, the term had not found a standard interpretation, however the main goal is to use such metadata to understand how automatic learning can become flexible in solving learning problems, hence to improve the performance of existing learning algorithms or to learn (induce) the learning algorithm itself, hence the alternative term learning to learn.
Flexibility is important because each learning algorithm is based on a set of assumptions about the data, its inductive bias. This means that it will only learn well if the bias matches the learning problem. A learning algorithm may perform very well in one domain, but not on the next. This poses strong restrictions on the use of machine learning or data mining techniques, since the relationship between the learning problem (often some kind of database) and the effectiveness of different learning algorithms is not yet understood.
By using different kinds of metadata, like properties of the learning problem, algorithm properties (like performance measures), or patterns previously derived from the data, it is possible to learn, select, alter or combine different learning algorithms to effectively solve a given learning problem. Critiques of meta-learning approaches bear a strong resemblance to the critique of metaheuristic, a possibly related problem. A good analogy to meta-learning, and the inspiration for Jürgen Schmidhuber's early work (1987) and Yoshua Bengio et al.'s work (1991), considers that genetic evolution learns the learning procedure encoded in genes and executed in each individual's brain. In an open-ended hierarchical meta-learning system using genetic programming, better evolutionary methods can be learned by meta evolution, which itself can be improved by meta meta evolution, etc.",69aae4fc8fce8e37dc8393fe_concept_1237905950896788635,related_concept,"Training, validation, and test data sets",2026-03-06 14:30:03.033,[],[],set(),set(),0,0.0,4.654257429864808e-305
113,449,Model selection,,https://en.wikipedia.org/wiki/Model selection,"Model selection is the task of selecting a model from among various candidates on the basis of performance criterion to choose the best one.
In the context of machine learning and more generally statistical analysis, this may be the selection of a statistical model from a set of candidate models, given data. In the simplest cases, a pre-existing set of data is considered. However, the task can also involve the design of experiments such that the data collected is well-suited to the problem of model selection. Given candidate models of similar predictive or explanatory power, the simplest model is most likely to be the best choice (Occam's razor).
Konishi & Kitagawa (2008, p. 75) state, ""The majority of the problems in statistical inference can be considered to be problems related to statistical modeling"".  Relatedly, Cox (2006, p. 197) has said, ""How [the] translation from subject-matter problem to statistical model is done is often the most critical part of an analysis"".
Model selection may also refer to the problem of selecting a few representative models from a large set of computational models for the purpose of decision making or optimization under uncertainty.
In machine learning, algorithmic approaches to model selection include feature selection, hyperparameter optimization, and statistical learning theory.",69aae4fc8fce8e37dc8393fe_concept_4310932846686853515,related_concept,"Training, validation, and test data sets",2026-03-06 14:30:03.033,['Model selection'],[],set(),set(),0,0.0,0.8879835348122882
114,453,Rule-based machine learning,,https://en.wikipedia.org/wiki/Rule-based machine learning,"Rule-based machine learning (RBML) is a term in computer science intended to encompass any machine learning method that identifies, learns, or evolves 'rules' to store, manipulate or apply. The defining characteristic of a rule-based machine learner is the identification and utilization of a set of relational rules that collectively represent the knowledge captured by the system.
Rule-based machine learning approaches include learning classifier systems, association rule learning, artificial immune systems, and any other method that relies on a set of rules, each covering contextual knowledge.
While rule-based machine learning is conceptually a type of rule-based system, it is distinct from traditional rule-based systems, which are often hand-crafted, and other rule-based decision makers. This is because rule-based machine learning applies some form of learning algorithm such as Rough sets theory to identify and minimise the set of features and to automatically identify useful rules, rather than a human needing to apply prior domain knowledge to manually construct rules and curate a rule set.",69aae4fc8fce8e37dc8393fe_concept_4121508966435333687,related_concept,"Training, validation, and test data sets",2026-03-06 14:30:03.033,['Rule-based machine learning'],[],set(),set(),0,0.0,0.8604667028816736
115,454,Early stopping,,https://en.wikipedia.org/wiki/Early stopping,"In machine learning, early stopping is a form of regularization used to avoid overfitting when training a model with an iterative method, such as gradient descent. Such methods update the model to make it better fit the training data with each iteration. Up to a point, this improves the model's performance on data outside of the training set (e.g., the validation set). Past that point, however, improving the model's fit to the training data comes at the expense of increased generalization error. Early stopping rules provide guidance as to how many iterations can be run before the learner begins to over-fit. Early stopping rules have been employed in many different machine learning methods, with varying amounts of theoretical foundation.",69aae4fc8fce8e37dc8393fe_concept_5338380389520683279,related_concept,"Training, validation, and test data sets",2026-03-06 14:30:03.033,['Early stopping'],[],set(),set(),0,0.0,0.7953507460719308
116,455,Structured prediction,,https://en.wikipedia.org/wiki/Structured prediction,"Structured prediction or structured output learning is an umbrella term for supervised machine learning techniques that involves predicting structured objects, rather than discrete or real values.
Similar to commonly used supervised learning techniques, structured prediction models are typically trained by means of observed data in which the predicted value is compared to the ground truth, and this is used to adjust the model parameters. Due to the complexity of the model and the interrelations of predicted variables, the processes of model training and inference are often computationally infeasible, so approximate inference and learning methods are used.",69aae4fc8fce8e37dc8393fe_concept_3033357278222867044,related_concept,"Training, validation, and test data sets",2026-03-06 14:30:03.033,['Structured prediction'],[],set(),set(),0,0.0,0.7706355866212868
117,456,Predictive modelling,,https://en.wikipedia.org/wiki/Predictive modelling,"Predictive modelling uses statistics to predict outcomes. Most often the event one wants to predict is in the future, but predictive modelling can be applied to any type of unknown event, regardless of when it occurred. For example, predictive models are often used to detect crimes and identify suspects, after the crime has taken place.
In many cases, the model is chosen on the basis of detection theory to try to guess the probability of an outcome given a set amount of input data, for example given an email determining how likely that it is spam.
Models can use one or more classifiers in trying to determine the probability of a set of data belonging to another set. For example, a model might be used to determine whether an email is spam or ""ham"" (non-spam).
Depending on definitional boundaries, predictive modelling is synonymous with, or largely overlapping with, the field of machine learning, as it is more commonly referred to in academic or research and development contexts. When deployed commercially, predictive modelling is often referred to as predictive analytics.
Predictive modelling is often contrasted with causal modelling/analysis.  In the former, one may be entirely satisfied to make use of indicators of, or proxies for, the outcome of interest. In the latter, one seeks to determine true cause-and-effect relationships. This distinction has given rise to a burgeoning literature in the fields of research methods and statistics and to the common statement that ""correlation does not imply causation"".",69aae4fc8fce8e37dc8393fe_concept_4672650903600471534,related_concept,"Training, validation, and test data sets",2026-03-06 14:30:03.033,['Predictive modelling'],[],set(),set(),0,0.0,0.8597020879765144
118,457,Active learning (machine learning),,https://en.wikipedia.org/wiki/Active learning (machine learning),"Active learning is a special case of machine learning in which a learning algorithm can interactively query a human user (or some other information source), to label new data points with the desired outputs. The human user must possess knowledge/expertise in the problem domain, including the ability to consult/research authoritative sources when necessary. In statistics literature, it is sometimes also called optimal experimental design. The information source is also called teacher or oracle.
There are situations in which unlabeled data is abundant but manual labeling is expensive. In such a scenario, learning algorithms can actively query the user/teacher for labels. This type of iterative supervised learning is called active learning. Since the learner chooses the examples, the number of examples to learn a concept can often be much lower than the number required in normal supervised learning. With this approach, there is a risk that the algorithm is overwhelmed by uninformative examples.  Recent developments are dedicated to multi-label active learning, hybrid active learning and active learning in a single-pass (on-line) context, combining concepts from the field of machine learning (e.g. conflict and ignorance) with adaptive, incremental learning policies in the field of online machine learning. Using active learning allows for faster development of a machine learning algorithm, when comparative updates would require a quantum or super computer.
Large-scale active learning projects may benefit from crowdsourcing frameworks such as Amazon Mechanical Turk that include many humans in the active learning loop.",69aae4fc8fce8e37dc8393fe_concept_6211358023765596142,related_concept,"Training, validation, and test data sets",2026-03-06 14:30:03.033,['Active learning'],[],set(),set(),0,0.0,0.6407954821836778
119,460,Automated machine learning,,https://en.wikipedia.org/wiki/Automated machine learning,"Automated machine learning (AutoML) is the process of automating the tasks of applying machine learning to real-world problems. It is the combination of automation and ML. 
AutoML potentially includes every stage from beginning with a raw dataset to building a machine learning model ready for deployment. AutoML was proposed as an artificial intelligence-based solution to the growing challenge of applying machine learning. The high degree of automation in AutoML aims to allow non-experts to make use of machine learning models and techniques without requiring them to become experts in machine learning. Automating the process of applying machine learning end-to-end additionally offers the advantages of producing simpler solutions, faster creation of those solutions, and models that often outperform hand-designed models. 
Common techniques used in AutoML include hyperparameter optimization, meta-learning and neural architecture search.",69aae4fc8fce8e37dc8393fe_concept_3925105399749377102,related_concept,"Training, validation, and test data sets",2026-03-06 14:30:03.033,['Automated machine learning'],[],set(),set(),0,0.0,4.561081282743839e-305
120,462,Incremental learning,,https://en.wikipedia.org/wiki/Incremental learning,"In computer science, incremental learning is a method of machine learning in which input data is continuously used to extend the existing model's knowledge i.e. to further train the model. It represents a dynamic technique of supervised learning and unsupervised learning that can be applied when training data becomes available gradually over time or its size is out of system memory limits. Algorithms that can facilitate incremental learning are known as incremental machine learning algorithms.
Many traditional machine learning algorithms inherently support incremental learning.
Other algorithms can be adapted to facilitate incremental learning. 
Examples of incremental algorithms include
decision trees
(IDE4,
ID5R and gaenari),
decision rules,
artificial neural networks
(RBF networks,
Learn++,
Fuzzy ARTMAP,
TopoART, and
IGNG) or
the incremental SVM.
The aim of incremental learning is for the learning model to adapt to new data without forgetting its existing knowledge.  Some incremental learners have built-in some parameter or assumption that controls the relevancy of old data, while others, called stable incremental machine learning algorithms, learn representations of the training data that are not even partially forgotten over time. Fuzzy ART and TopoART are two examples for this second approach.
Incremental algorithms are frequently applied to data streams or big data, addressing issues in data availability and resource scarcity respectively. Stock trend prediction and user profiling are some examples of data streams where new data becomes continuously available.  Applying incremental learning to big data aims to produce faster classification or forecasting times.",69aae4fc8fce8e37dc8393fe_concept_8418977754675103066,related_concept,"Training, validation, and test data sets",2026-03-06 14:30:03.033,['Algorithm'],[],set(),set(),0,0.0,0.8138098353686145
121,463,Learning curve (machine learning),,https://en.wikipedia.org/wiki/Learning curve (machine learning),"In machine learning (ML), a learning curve (or training curve) is a graphical representation that shows how a model's performance on a training set (and usually a validation set) changes with the number of training iterations (epochs) or the amount of training data.
Typically, the number of training epochs or training set size is plotted on the x-axis, and the value of the loss function (and possibly some other metric such as the cross-validation score) on the y-axis.
Synonyms include error curve, experience curve, improvement curve and generalization curve.
More abstractly, learning curves plot the difference between learning effort and predictive performance, where ""learning effort"" usually means the number of training samples, and ""predictive performance"" means accuracy on testing samples.
Learning curves have many useful purposes in ML, including:

choosing model parameters during design,
adjusting optimization to improve convergence,
and diagnosing problems such as overfitting (or underfitting).
Learning curves can also be tools for determining how much a model benefits from adding more training data, and whether the model suffers more from a variance error or a bias error. If both the validation score and the training score converge to a certain value, then the model will no longer significantly benefit from more training data.",69aae4fc8fce8e37dc8393fe_concept_4928678496590998851,related_concept,"Training, validation, and test data sets",2026-03-06 14:30:03.033,['Learning'],[],set(),set(),0,0.0,0.8062586187301336
122,464,Hyperparameter (machine learning),,https://en.wikipedia.org/wiki/Hyperparameter (machine learning),"In machine learning, a hyperparameter is a parameter that can be set in order to define any configurable part of a model's learning process. Hyperparameters can be classified as either model hyperparameters (such as the topology and size of a neural network) or algorithm hyperparameters (such as the learning rate and the batch size of an optimizer). These are named hyperparameters in contrast to parameters, which are characteristics that the model learns from the data.
Hyperparameters are not required by every model or algorithm. Some simple algorithms such as ordinary least squares regression require none. However, the LASSO algorithm, for example, adds a regularization hyperparameter to ordinary least squares which must be set before training. Even models and algorithms without a strict requirement to define hyperparameters may not produce meaningful results if these are not carefully chosen. However, optimal values for hyperparameters are not always easy to predict. Some hyperparameters may have no meaningful effect, or one important variable may be conditional upon the value of another. Often a separate process of hyperparameter tuning is needed to find a suitable combination for the data and task. 
As well as improving model performance, hyperparameters can be used by researchers to introduce robustness and reproducibility into their work, especially if it uses models that incorporate random number generation.",69aae4fc8fce8e37dc8393fe_concept_7740130344914810639,related_concept,"Training, validation, and test data sets",2026-03-06 14:30:03.033,[],[],set(),set(),0,0.0,0.8241704842305143
123,465,Regression analysis,,https://en.wikipedia.org/wiki/Regression analysis,"In statistical modeling, regression analysis is a statistical method for estimating the relationship between a dependent variable (often called the outcome or response variable, or a label in machine learning parlance) and one or more independent variables (often called regressors, predictors, covariates, explanatory variables or features).
The most common form of regression analysis is linear regression, in which one finds the line (or a more complex linear combination) that most closely fits the data according to a specific mathematical criterion. For example, the method of ordinary least squares computes the unique line (or hyperplane) that minimizes the sum of squared differences between the true data and that line (or hyperplane). For specific mathematical reasons (see linear regression), this allows the researcher to estimate the conditional expectation (or population average value) of the dependent variable when the independent variables take on a given set of values. Less common forms of regression use slightly different procedures to estimate alternative location parameters (e.g., quantile regression or Necessary Condition Analysis) or estimate the conditional expectation across a broader collection of non-linear models (e.g., nonparametric regression).
Regression analysis is primarily used for two conceptually distinct purposes. First, regression analysis is widely used for prediction and forecasting, where its use has substantial overlap with the field of machine learning. Second, in some situations regression analysis can be used to infer causal relationships between the independent and dependent variables. Importantly, regressions by themselves only reveal relationships between a dependent variable and a collection of independent variables in a fixed dataset. To use regressions for prediction or to infer causal relationships, respectively, a researcher must carefully justify why existing relationships have predictive power for a new context or why a relationship between two variables has a causal interpretation. The latter is especially important when researchers hope to estimate causal relationships using observational data.",69aae4fc8fce8e37dc8393fe_concept_3027904540074661969,related_concept,"Training, validation, and test data sets",2026-03-06 14:30:03.033,['Regression analysis'],[],set(),set(),0,0.0,0.7513001807677377
124,466,Cross-validation (statistics),,https://en.wikipedia.org/wiki/Cross-validation (statistics),"Cross-validation, sometimes called rotation estimation or out-of-sample testing, is any of various similar model validation techniques for assessing how the results of a statistical analysis will generalize to an independent data set.
Cross-validation includes resampling and sample splitting methods that use different portions of the data to test and train a model on different iterations. It is often used in settings where the goal is prediction, and one wants to estimate how accurately a predictive model will perform in practice. It can also be used to assess the quality of a fitted model and the stability of its parameters.
In a prediction problem, a model is usually given a dataset of known data on which training is run (training dataset), and a dataset of unknown data (or first seen data) against which the model is tested (called the validation dataset or testing set). The goal of cross-validation is to test the model's ability to predict new data that was not used in estimating it, in order to flag problems like overfitting or selection bias and to give an insight on how the model will generalize to an independent dataset (i.e., an unknown dataset, for instance from a real problem).
One round of cross-validation involves partitioning a sample of data into complementary subsets, performing the analysis on one subset (called the training set), and validating the analysis on the other subset (called the validation set or testing set). To reduce variability, in most methods multiple rounds of cross-validation are performed using different partitions, and the validation results are combined (e.g. averaged) over the rounds to give an estimate of the model's predictive performance.
In summary, cross-validation combines (averages) measures of fitness in prediction to derive a more accurate estimate of model prediction performance.",69aae4fc8fce8e37dc8393fe_concept_7338055927960204182,related_concept,"Training, validation, and test data sets",2026-03-06 14:30:03.033,[],[],set(),set(),0,0.0,0.8071753045775196
125,467,"Training, validation, and test data sets",,"https://en.wikipedia.org/wiki/Training, validation, and test data sets","In machine learning, a common task is the study and construction of algorithms that can learn from and make predictions on data. Such algorithms function by making data-driven predictions or decisions, through building a mathematical model from input data. These input data used to build the model are usually divided into multiple data sets. In particular, three data sets are commonly used in different stages of the creation of the model: training, validation, and testing sets.
The model is initially fit on a training data set, which is a set of examples used to fit the parameters (e.g. weights of connections between neurons in artificial neural networks) of the model. The model (e.g. a naive Bayes classifier) is trained on the training data set using a supervised learning method, for example using optimization methods such as gradient descent or stochastic gradient descent. In practice, the training data set often consists of pairs of an input vector (or scalar) and the corresponding output vector (or scalar), where the answer key is commonly denoted as the target (or label). The current model is run with the training data set and produces a result, which is then compared with the target, for each input vector in the training data set. Based on the result of the comparison and the specific learning algorithm being used, the parameters of the model are adjusted. The model fitting can include both variable selection and parameter estimation.
Successively, the fitted model is used to predict the responses for the observations in a second data set called the validation data set. The validation data set provides an unbiased evaluation of a model fit on the training data set while tuning the model's hyperparameters (e.g. the number of hidden units—layers and layer widths—in a neural network). Validation data sets can be used for regularization by early stopping (stopping training when the error on the validation data set increases, as this is a sign of over-fitting to the training data set).
This simple procedure is complicated in practice by the fact that the validation data set's error may fluctuate during training, producing multiple local minima. This complication has led to the creation of many ad-hoc rules for deciding when over-fitting has truly begun.
Finally, the test data set is a data set used to provide an unbiased evaluation of a model fit on the training data set. When the data in the test data set has never been used (for example in cross-validation), the test data set is called a holdout data set. The term ""validation set"" is sometimes used instead of ""test set"" in some literature (e.g., if the original data set was partitioned into only two subsets, the test set might be referred to as the validation set).
Deciding the sizes and strategies for data set division in training, test and validation sets is very dependent on the problem and data available.",69aae4fc8fce8e37dc8393fe_concept_218602065300463973,main_concept,,2026-03-06 14:30:03.033,[],[],set(),set(),0,0.0,0.7743872108401161
126,468,Decision rule,,https://en.wikipedia.org/wiki/Decision rule,"In decision theory, a decision rule is a function which maps an observation to an appropriate action. Decision rules play an important role in the theory of statistics and economics, and are closely related to the concept of a strategy in game theory.
In order to evaluate the usefulness of a decision rule, it is necessary to have a loss function detailing the outcome of each action under different states.",69aae4fc8fce8e37dc8393fe_concept_7419254590782274265,related_concept,Decision tree,2026-03-06 14:30:03.033,['Decision rule'],[],set(),set(),0,0.0,3.9399136069679426e-305
127,469,Decision tree learning,,https://en.wikipedia.org/wiki/Decision tree learning,"Decision tree learning is a supervised learning approach used in statistics, data mining and machine learning. In this formalism, a classification or regression decision tree is used as a predictive model to draw conclusions about a set of observations.
Tree models where the target variable can take a discrete set of values are called classification trees; in these tree structures, leaves represent class labels and branches represent conjunctions of features that lead to those class labels. Decision trees where the target variable can take continuous values (typically real numbers) are called regression trees. More generally, the concept of regression tree can be extended to any kind of object equipped with pairwise dissimilarities such as categorical sequences.
Decision trees are among the most popular machine learning algorithms given their intelligibility and simplicity because they produce algorithms that are easy to interpret and visualize, even for users without a statistical background.
In decision analysis, a decision tree can be used to visually and explicitly represent decisions and decision making. In data mining, a decision tree describes data (but the resulting classification tree can be an input for decision making).",69aae4fc8fce8e37dc8393fe_concept_2693992493837338785,related_concept,Decision tree,2026-03-06 14:30:03.033,"['Decision tree learning', 'Decision tree']",[],set(),set(),0,0.0,0.8569477785636322
128,470,Decision matrix,,https://en.wikipedia.org/wiki/Decision matrix,"A decision matrix is a list of values in rows and columns that allows an analyst to systematically identify, analyze, and rate the performance of relationships between sets of values and information. Elements of a decision matrix show decisions based on certain decision criteria. The matrix is useful for looking at large masses of decision factors and assessing each factor's relative significance by weighting them by importance.",69aae4fc8fce8e37dc8393fe_concept_2916781863650037854,related_concept,Decision tree,2026-03-06 14:30:03.033,[],[],set(),set(),0,0.0,3.9368092106277147e-305
129,471,Boosting (machine learning),,https://en.wikipedia.org/wiki/Boosting (machine learning),"In machine learning (ML), boosting is an ensemble learning method that combines a set of less accurate models (called ""weak learners"") to create a single, highly accurate model (a ""strong learner""). Unlike other ensemble methods that build models in parallel (such as bagging), boosting algorithms build models sequentially. Each new model in the sequence is trained to correct the errors made by its predecessors. This iterative process allows the overall model to improve its accuracy, particularly by reducing bias. Boosting is a popular and effective technique used in supervised learning for both classification and regression tasks.
The theoretical foundation for boosting came from a question posed by Kearns and Valiant (1988, 1989): ""Can a set of weak learners create a single strong learner?"" A weak learner is defined as a classifier that performs only slightly better than random guessing, whereas a strong learner is a classifier that is highly correlated with the true classification. Robert Schapire's affirmative answer to this question in a 1990 paper led to the development of practical boosting algorithms. The first such algorithm was developed by Schapire, with Freund and Schapire later developing AdaBoost, which remains a foundational example of boosting.",69aae4fc8fce8e37dc8393fe_concept_8210791035258957488,related_concept,Decision tree,2026-03-06 14:30:03.033,[],[],set(),set(),0,0.0,0.8378321923825395
130,472,Information gain (decision tree),,https://en.wikipedia.org/wiki/Information gain (decision tree),"In the context of decision trees in information theory and machine learning, information gain refers to the conditional expected value of the Kullback–Leibler divergence of the univariate probability distribution of one variable from the conditional distribution of this variable given the other one. (In broader contexts, information gain can also be used as a synonym for either Kullback–Leibler divergence or mutual information, but the focus of this article is on the more narrow meaning below.)
Explicitly, the information gain of a random variable 
  
    
      
        X
      
    
    {\displaystyle X}
  
 obtained from an observation of a random variable 
  
    
      
        A
      
    
    {\displaystyle A}
  
 taking value 
  
    
      
        a
      
    
    {\displaystyle a}
  
 is defined as:

  
    
      
        
          
            I
            G
          
        
        (
        X
        ,
        a
        )
        =
        
          D
          
            KL
          
        
        
          
            (
          
        
        
          P
          
            X
            ∣
            a
          
        
        ∥
        
          P
          
            X
          
        
        
          
            )
          
        
      
    
    {\displaystyle {\mathit {IG}}(X,a)=D_{\text{KL}}{\bigl (}P_{X\mid a}\parallel P_{X}{\bigr )}}
  

In other words, it is the Kullback–Leibler divergence of 
  
    
      
        
          P
          
            X
          
        
        (
        x
        )
      
    
    {\displaystyle P_{X}(x)}
  
 (the prior distribution for 
  
    
      
        X
      
    
    {\displaystyle X}
  
) from 
  
    
      
        
          P
          
            X
            ∣
            a
          
        
        (
        x
        )
      
    
    {\displaystyle P_{X\mid a}(x)}
  
 (the posterior distribution for 
  
    
      
        X
      
    
    {\displaystyle X}
  
 given 
  
    
      
        A
        =
        a
      
    
    {\displaystyle A=a}
  
).
The expected value of the information gain is the mutual information 
  
    
      
        I
        (
        X
        ;
        A
        )
      
    
    {\displaystyle I(X;A)}
  
:

  
    
      
        
          E
          
            A
          
        
        ⁡
        [
        
          
            I
            G
          
        
        (
        X
        ,
        A
        )
        ]
        =
        I
        (
        X
        ;
        A
        )
      
    
    {\displaystyle \operatorname {E} _{A}[{\mathit {IG}}(X,A)]=I(X;A)}
  

i.e. the reduction in the entropy of 
  
    
      
        X
      
    
    {\displaystyle X}
  
 achieved by learning the state of the random variable 
  
    
      
        A
      
    
    {\displaystyle A}
  
.
In machine learning, this concept can be used to define a preferred sequence of attributes to investigate to most rapidly narrow down the state of X.  Such a sequence (which depends on the outcome of the investigation of previous attributes at each stage) is called a decision tree, and when applied in the area of machine learning is known as decision tree learning. Usually an attribute with high mutual information should be preferred to other attributes.",69aae4fc8fce8e37dc8393fe_concept_7113431113532824431,related_concept,Decision tree,2026-03-06 14:30:03.033,[],[],set(),set(),0,0.0,4.0098549438420586e-305
131,473,Decision tree model,,https://en.wikipedia.org/wiki/Decision tree model,"In computational complexity theory, the decision tree model is the model of computation in which an algorithm can be considered to be a decision tree, i.e. a sequence of queries or tests that are done adaptively, so the outcome of previous tests can influence the tests performed next.
Typically, these tests have a small number of outcomes (such as a yes–no question) and can be performed quickly (say, with unit computational cost), so the worst-case time complexity of an algorithm in the decision tree model corresponds to the depth of the corresponding tree. This notion of computational complexity of a problem or an algorithm in the decision tree model is called its decision tree complexity or query complexity.
Decision tree models are instrumental in establishing lower bounds for the complexity of certain classes of computational problems and algorithms. Several variants of decision tree models have been introduced, depending on the computational model and type of query algorithms are allowed to perform.
For example, a decision tree argument is used to show that a comparison sort of 
  
    
      
        n
      
    
    {\displaystyle n}
  
 items must make 
  
    
      
        n
        log
        ⁡
        (
        n
        )
      
    
    {\displaystyle n\log(n)}
  
 comparisons. For comparison sorts, a query is a comparison of two items 
  
    
      
        a
        ,
        b
      
    
    {\displaystyle a,b}
  
, with two outcomes (assuming no items are equal): either 
  
    
      
        a
        <
        b
      
    
    {\displaystyle a<b}
  
 or 
  
    
      
        a
        >
        b
      
    
    {\displaystyle a>b}
  
. Comparison sorts can be expressed as decision trees in this model, since such sorting algorithms only perform these types of queries.",69aae4fc8fce8e37dc8393fe_concept_2952009063078933435,related_concept,Decision tree,2026-03-06 14:30:03.033,"['Decision tree model', 'Decision tree']",[],set(),set(),0,0.0,0.6884850159946325
132,474,Association rule learning,,https://en.wikipedia.org/wiki/Association rule learning,"Association rule learning is a rule-based machine learning method for discovering interesting relations between variables in large databases. It is intended to identify strong rules discovered in databases using some measures of interestingness. In any given transaction with a variety of items, association rules are meant to discover the rules that determine how or why certain items are connected.
Based on the concept of strong rules, Rakesh Agrawal, Tomasz Imieliński and Arun Swami introduced association rules for discovering regularities between products in large-scale transaction data recorded by point-of-sale (POS) systems in supermarkets. For example, the rule 
  
    
      
        {
        
          o
          n
          i
          o
          n
          s
          ,
          p
          o
          t
          a
          t
          o
          e
          s
        
        }
        ⇒
        {
        
          b
          u
          r
          g
          e
          r
        
        }
      
    
    {\displaystyle \{\mathrm {onions,potatoes} \}\Rightarrow \{\mathrm {burger} \}}
  
 found in the sales data of a supermarket would indicate that if a customer buys onions and potatoes together, they are likely to also buy hamburger meat. Such information can be used as the basis for decisions about marketing activities such as, e.g., promotional pricing or product placements.
In addition to the above example from market basket analysis, association rules are employed today in many application areas including Web usage mining, intrusion detection, continuous production, and bioinformatics. In contrast with sequence mining, association rule learning typically does not consider the order of items either within a transaction or across transactions.
The association rule algorithm itself consists of various parameters that can make it difficult for those without some expertise in data mining to execute, with many rules that are arduous to understand.",69aae4fc8fce8e37dc8393fe_concept_8313339034225649046,related_concept,Decision tree,2026-03-06 14:30:03.033,['Association rule learning'],[],set(),set(),0,0.0,0.8815183214153859
133,475,Confusion matrix,,https://en.wikipedia.org/wiki/Confusion matrix,"In machine learning, a confusion matrix, also known as error matrix, is a specific table layout that allows visualization of the performance of an algorithm, typically a supervised learning one. In unsupervised learning it is usually called a matching matrix. The term is used specifically in the problem of statistical classification.
Each row of the matrix represents the instances in an actual class while each column represents the instances in a predicted class, or vice versa – both variants are found in the literature. The diagonal of the matrix therefore represents all instances that are correctly predicted. The name stems from the fact that it makes it easy to identify whether the system is confusing two classes (i.e., commonly mislabeling one class as another). The confusion matrix has its origins in human perceptual studies of auditory stimuli. It was adapted for machine learning studies and used by Frank Rosenblatt, among other early researchers, to compare human and machine classifications of visual (and later auditory) stimuli.
It is a special kind of contingency table, with two dimensions (""actual"" and ""predicted""), and identical sets of ""classes"" in both dimensions (each combination of dimension and class is a variable in the contingency table).",69aae4fc8fce8e37dc8393fe_concept_5611239781764315268,related_concept,Decision tree,2026-03-06 14:30:03.033,[],[],set(),set(),0,0.0,0.8830412950475245
134,476,Decision table,,https://en.wikipedia.org/wiki/Decision table,Decision tables are a concise visual representation for specifying which actions to perform depending on given conditions. Decision table is the term used for a Control table or State-transition table in the field of Business process modeling; they are usually formatted as the transpose of the way they are formatted in Software engineering.,69aae4fc8fce8e37dc8393fe_concept_3888377646914187936,related_concept,Decision tree,2026-03-06 14:30:03.033,['Decision table'],[],set(),set(),0,0.0,3.708692281722042e-305
135,477,Decision list,,https://en.wikipedia.org/wiki/Decision list,"Decision lists are a representation for Boolean functions which can be easily learned from examples.  Single term decision lists are more expressive than disjunctions and conjunctions; however, 1-term decision lists are less expressive than the general disjunctive normal form and the conjunctive normal form.
The language specified by a k-length decision list includes as a subset the language specified by a k-depth decision tree.
Learning decision lists can be used for attribute efficient learning, a type of machine learning.",69aae4fc8fce8e37dc8393fe_concept_5936723733859276515,related_concept,Decision tree,2026-03-06 14:30:03.033,"['Decision list', 'Learning']",[],set(),set(),0,0.0,0.7303862415133361
136,478,Decision curve analysis,,https://en.wikipedia.org/wiki/Decision curve analysis,"In decision theory, decision curve analysis evaluates a predictor for an event as a probability threshold is varied, typically by showing a graphical plot of net benefit against threshold probability. By convention, the default strategies of assuming that all or no observations are positive are also plotted. 
Decision curve analysis is distinguished from other statistical methods like receiver operating characteristic (ROC) curves by the ability to assess the clinical value of a predictor. Applying decision curve analysis can determine whether using a predictor to make clinical decisions like performing biopsy will provide benefit over alternative decision criteria, given a specified threshold probability.
Threshold probability is defined as the minimum probability of an event at which a decision-maker would take a given action, for instance, the probability of cancer at which a doctor would order a biopsy. A lower threshold probability implies a greater concern about the event (e.g. a patient worried about cancer), while a higher threshold implies greater concern about the action to be taken (e.g. a patient averse to the biopsy procedure). Net benefit is a weighted combination of true and false positives, where the weight is derived from the threshold probability. The predictor could be a binary classifier, or a percentage risk from a prediction model, in which case a positive classification is defined by whether predicted probability is at least as great as the threshold probability.",69aae4fc8fce8e37dc8393fe_concept_1800661985583456348,related_concept,Decision tree,2026-03-06 14:30:03.033,['Decision curve analysis'],[],set(),set(),0,0.0,0.8468615427283182
137,479,Decision analysis,,https://en.wikipedia.org/wiki/Decision analysis,"Decision analysis (DA) is the discipline comprising the philosophy, methodology, and professional practice necessary to address important decisions in a formal manner. Decision analysis includes many procedures, methods, and tools for identifying, clearly representing, and formally assessing important aspects of a decision; for prescribing a recommended course of action by applying the maximum expected-utility axiom to a well-formed representation of the decision; and for translating the formal representation of a decision and its corresponding recommendation into insight for the decision maker, and other corporate and non-corporate stakeholders.",69aae4fc8fce8e37dc8393fe_concept_3885830792795291240,related_concept,Decision tree,2026-03-06 14:30:03.033,['Decision analysis'],[],set(),set(),0,0.0,3.807215509983609e-305
138,480,Decision support system,,https://en.wikipedia.org/wiki/Decision support system,"A decision support system (DSS) is an information system that supports business or organizational decision-making activities. DSSs serve the management, operations and planning levels of an organization (usually mid and higher management) and help people make decisions about problems that may be rapidly changing and not easily specified in advance—i.e., unstructured and semi-structured decision problems. Decision support systems can be either fully computerized or human-powered, or a combination of both.
While academics have perceived DSS as a tool to support decision making processes, DSS users see DSS as a tool to facilitate organizational processes. Some authors have extended the definition of DSS to include any system that might support decision making and some DSS include a decision-making software component; Sprague (1980) defines a properly termed DSS as follows:

DSS tends to be aimed at the less well structured, underspecified problem that upper level managers typically face;
DSS attempts to combine the use of models or analytic techniques with traditional data access and retrieval functions;
DSS specifically focuses on features which make them easy to use by non-computer-proficient people in an interactive mode; and
DSS emphasizes flexibility and adaptability to accommodate changes in the environment and the decision making approach of the user.
DSSs include knowledge-based systems. A properly designed DSS is an interactive software-based system intended to help decision makers compile useful information from a combination of raw data, documents, personal knowledge, and/or business models to identify and solve problems and make decisions.
Typical information that a decision support application might gather and present includes:

inventories of information assets (including legacy and relational data sources, cubes, data warehouses, and data marts),
comparative sales figures between one period and the next,
projected revenue figures based on product sales assumptions.",69aae4fc8fce8e37dc8393fe_concept_5161989738544596146,related_concept,Decision tree,2026-03-06 14:30:03.033,['Decision support system'],[],set(),set(),0,0.0,0.5928824410181295
139,481,Issue tree,,https://en.wikipedia.org/wiki/Issue tree,"An issue tree, also called logic tree, is a graphical breakdown of a question that dissects it into its different components vertically and that progresses into details as it reads to the right.
Issue trees are useful in problem solving to identify the root causes of a problem as well as to identify its potential solutions. They also provide a reference point to see how each piece fits into the whole picture of a problem.",69aae4fc8fce8e37dc8393fe_concept_3274734067240820811,related_concept,Decision tree,2026-03-06 14:30:03.033,['Issue tree'],[],set(),set(),0,0.0,3.894089697315086e-305
140,482,Classification,,https://en.wikipedia.org/wiki/Classification,"Classification is the activity of assigning objects to some pre-existing classes or categories. This is distinct from the task of establishing the classes themselves (for example through cluster analysis). Examples include diagnostic tests, identifying spam emails and deciding whether to give someone a driving license. 
As well as 'category', synonyms or near-synonyms for 'class' include 'type', 'species', 'forms', 'order', 'concept', 'taxon', 'group', 'identification' and 'division'. 
The meaning of the word 'classification' (and its synonyms) may take on one of several related meanings. It may encompass both classification and the creation of classes, as for example in 'the task of categorizing pages in Wikipedia'; this overall activity is listed under taxonomy. It may refer exclusively to the underlying scheme of classes (which otherwise may be called a taxonomy). Or it may refer to the label given to an object by the classifier.
Classification is a part of many different kinds of activities and is studied from many different points of view including medicine, philosophy, law, anthropology, biology, taxonomy, cognition, communications, knowledge organization, psychology, statistics, machine learning, economics and mathematics.",69aae4fc8fce8e37dc8393fe_concept_5419292967411255217,related_concept,Decision tree,2026-03-06 14:30:03.033,['Classification'],[],set(),set(),0,0.0,0.8692912013510571
141,483,ID3 algorithm,,https://en.wikipedia.org/wiki/ID3 algorithm,"In decision tree learning, ID3 (Iterative Dichotomiser 3) is an algorithm invented by Ross Quinlan used to generate a decision tree from a dataset. ID3 is the precursor to the C4.5 algorithm, and is typically used in the machine learning and natural language processing domains.",69aae4fc8fce8e37dc8393fe_concept_3787463814297257601,related_concept,Decision tree,2026-03-06 14:30:03.033,[],[],set(),set(),0,0.0,0.6812833120504358
142,484,Decision cycle,,https://en.wikipedia.org/wiki/Decision cycle,"A decision cycle or decision loop is a sequence of steps used by an entity on a repeated basis to reach and implement decisions and to learn from the results. The ""decision cycle"" phrase has a history of use to broadly categorize various methods of making decisions, going upstream to the need, downstream to the outcomes, and cycling around to connect the outcomes to the needs.
A decision cycle is said to occur when an explicitly specified decision model is used to guide a decision and then the outcomes of that decision are assessed against the need for the decision. This cycle includes specification of desired results (the decision need), tracking of outcomes, and assessment of outcomes against the desired results.",69aae4fc8fce8e37dc8393fe_concept_9171822416895637378,related_concept,Decision tree,2026-03-06 14:30:03.033,[],[],set(),set(),0,0.0,3.6821841558072123e-305
143,485,Business decision mapping,,https://en.wikipedia.org/wiki/Business decision mapping,"Business decision mapping (BDM) is a technique for making decisions, particularly for the kind of decisions that often need to be made in business.  It involves using diagrams to help articulate and work through the decision problem, from initial recognition of the need through to communication of the decision and the thinking behind it.
BDM is designed for use in making deliberative decisions—those made based on canvassing and weighing up the arguments. It is also qualitative—although numbers may be involved, the main considerations are qualitatively specified and there is no calculation-based route to the right decision. In these two key elements, BDM is similar to the natural or typical way of making decisions.
However, it differs from typical, informal decision making by providing a structured, semiformal framework, and using visual language, taking advantage of our ability to grasp and make sense of information faster and more easily when it is graphically presented.
BDM is centered on the creation of a decision map—a single diagram that brings together in one organized structure all the fundamental elements of a decision, and that functions as a focus of collaboration.
BDM aims to support the decision process, making it easier, more reliable and more accountable. It addresses some major problems that can afflict business decision-making the way it is generally done, including stress, anxiety, time pressure, lost thinking and inefficiency. By mapping the decision problem, the options, the arguments and all relevant evidence visually using BDM, the decision maker can avoid holding a large amount of information in his or her head, is able to make a more complete and transparent analysis and can generate a record of the thinking behind the final decision.
There are several steps involved in business decision mapping:

Identify the problem or opportunity: The first step is to clearly define the issue or opportunity that needs to be addressed. This could be a strategic business problem, a market opportunity, or a tactical decision that needs to be made.
Identify the decision criteria: Once the problem or opportunity is defined, the next step is to identify the criteria that will be used to evaluate potential solutions. These criteria could include factors such as cost, risk, time, and resources.
Generate options: Based on the criteria identified in the previous step, generate a list of potential options or solutions.
Evaluate options: Using the decision criteria, evaluate the potential outcomes of each option. This may involve creating a decision tree or a flowchart to help visualize the potential consequences of each decision.
Make a decision: Based on the evaluation of the options, make a decision and implement it.
Monitor and adjust: Once a decision has been made, it is important to monitor its implementation and adjust course if necessary based on feedback and results.",69aae4fc8fce8e37dc8393fe_concept_5015660226891810165,related_concept,Decision tree,2026-03-06 14:30:03.033,['Business decision mapping'],[],set(),set(),0,0.0,3.7920745955948517e-305
144,486,Random forest,,https://en.wikipedia.org/wiki/Random forest,"Random forests or random decision forests is an ensemble learning method for classification, regression and other tasks that works by creating a multitude of decision trees during training. For classification tasks, the output of the random forest is the class selected by most trees. For regression tasks, the output is the average of the predictions of the trees. Random forests correct for decision trees' habit of overfitting to their training set.
The first algorithm for random decision forests was created in 1995 by Tin Kam Ho using the random subspace method, which, in Ho's formulation, is a way to implement the ""stochastic discrimination"" approach to classification proposed by Eugene Kleinberg.
An extension of the algorithm was developed by Leo Breiman and Adele Cutler, who registered ""Random Forests"" as a trademark in 2006 (as of 2019, owned by Minitab, Inc.). The extension combines Breiman's ""bagging"" idea and random selection of features, introduced first by Ho and later independently by Amit and Geman in order to construct a collection of decision trees with controlled variance.",69aae4fc8fce8e37dc8393fe_concept_5921882413592716531,related_concept,Decision tree,2026-03-06 14:30:03.033,['Random forest'],[],set(),set(),0,0.0,0.8458706911106839
145,487,Influence diagram,,https://en.wikipedia.org/wiki/Influence diagram,"An influence diagram (ID) (also called a relevance diagram, decision diagram or a decision network) is a compact graphical and mathematical representation of a decision situation.  It is a generalization of a Bayesian network, in which not only probabilistic inference problems but also decision making problems (following the maximum expected utility criterion) can be modeled and solved.
ID was first developed in the mid-1970s by decision analysts with an intuitive semantic that is easy to understand. It is now adopted widely and becoming an alternative to the decision tree which typically suffers from exponential growth in number of branches with each variable modeled.  ID is directly applicable in team decision analysis, since it allows incomplete sharing of information among team members to be modeled and solved explicitly.  Extensions of ID also find their use in game theory as an alternative representation of the game tree.",69aae4fc8fce8e37dc8393fe_concept_1054156087609525451,related_concept,Decision tree,2026-03-06 14:30:03.033,[],[],set(),set(),0,0.0,3.8620222248706697e-305
146,488,Decision tree,,https://en.wikipedia.org/wiki/Decision tree,"A decision tree  is a decision support recursive partitioning structure that uses a tree-like model of decisions and their possible consequences, including chance event outcomes, resource costs, and utility. It is one way to display an algorithm that only contains conditional control statements.
Decision trees are commonly used in operations research, specifically in decision analysis, to help identify a strategy most likely to reach a goal, but are also a popular tool in machine learning.",69aae4fc8fce8e37dc8393fe_concept_2603527189380134646,main_concept,,2026-03-06 14:30:03.033,['Decision tree'],[],set(),set(),0,0.0,3.828902569527285e-305
147,489,Inductive reasoning,,https://en.wikipedia.org/wiki/Inductive reasoning,"Inductive reasoning refers to a variety of methods of reasoning in which the conclusion of an argument is supported not with deductive certainty, but at best with some degree of probability. Unlike deductive reasoning (such as mathematical induction), where the conclusion is certain, given the premises are correct, inductive reasoning produces conclusions that are at best probable, given the evidence provided.",69aae4fc8fce8e37dc8393fe_concept_6451987722170239966,related_concept,Inference,2026-03-06 14:30:03.033,['Inductive reasoning'],[],set(),set(),0,0.0,2.6883869999684597e-305
148,490,Expert system,,https://en.wikipedia.org/wiki/Expert system,"In artificial intelligence (AI), an expert system is a computer system emulating the decision-making ability of a human expert.
Expert systems are designed to solve complex problems by reasoning through bodies of knowledge, represented mainly as if–then rules rather than through conventional procedural programming code.  Expert systems were among the first truly successful forms of AI software. They were created in the 1970s and then proliferated in the 1980s, being then widely regarded as the future of AI — before the advent of successful artificial neural networks.
An expert system is divided into two subsystems: 1) a knowledge base, which represents facts and rules; and 2) an inference engine, which applies the rules to the known facts to deduce new facts, and can include explaining and debugging abilities.",69aae4fc8fce8e37dc8393fe_concept_7467625857057542223,related_concept,Inference,2026-03-06 14:30:03.033,['Expert system'],[],set(),set(),0,0.0,0.7300654088595914
149,491,Logical reasoning,,https://en.wikipedia.org/wiki/Logical reasoning,"Logical reasoning is a mental activity that aims to arrive at a conclusion in a rigorous way. It happens in the form of inferences or arguments by starting from a set of premises and reasoning to a conclusion supported by these premises. The premises and the conclusion are propositions, i.e. true or false claims about what is the case. Together, they form an argument. Logical reasoning is norm-governed in the sense that it aims to formulate correct arguments that any rational person would find convincing. The main discipline studying logical reasoning is logic. 
Distinct types of logical reasoning differ from each other concerning the norms they employ and the certainty of the conclusion they arrive at. Deductive reasoning offers the strongest support: the premises ensure the conclusion, meaning that it is impossible for the conclusion to be false if all the premises are true. Such an argument is called a valid argument, for example: all men are mortal; Socrates is a man; therefore, Socrates is mortal. For valid arguments, it is not important whether the premises are actually true but only that, if they were true, the conclusion could not be false. Valid arguments follow a rule of inference, such as modus ponens or modus tollens. Deductive reasoning plays a central role in formal logic and mathematics.
For non-deductive logical reasoning, the premises make their conclusion rationally convincing without ensuring its truth. This is often understood in terms of probability: the premises make it more likely that the conclusion is true and strong inferences make it very likely. Some uncertainty remains because the conclusion introduces new information not already found in the premises. Non-deductive reasoning plays a central role in everyday life and in most sciences. Often-discussed types are inductive, abductive, and analogical reasoning. Inductive reasoning is a form of generalization that infers a universal law from a pattern found in many individual cases. It can be used to conclude that ""all ravens are black"" based on many individual observations of black ravens. Abductive reasoning, also known as ""inference to the best explanation"", starts from an observation and reasons to the fact explaining this observation. An example is a doctor who examines the symptoms of their patient to make a diagnosis of the underlying cause. Analogical reasoning compares two similar systems. It observes that one of them has a feature and concludes that the other one also has this feature. 
Arguments that fall short of the standards of logical reasoning are called fallacies. For formal fallacies, like affirming the consequent, the error lies in the logical form of the argument. For informal fallacies, like false dilemmas, the source of the faulty reasoning is usually found in the content or the context of the argument. Some theorists understand logical reasoning in a wide sense that is roughly equivalent to critical thinking. In this regard, it encompasses cognitive skills besides the ability to draw conclusions from premises. Examples are skills to generate and evaluate reasons and to assess the reliability of information. Further factors are to seek new information, to avoid inconsistencies, and to consider the advantages and disadvantages of different courses of action before making a decision.",69aae4fc8fce8e37dc8393fe_concept_3167828395159128625,related_concept,Inference,2026-03-06 14:30:03.033,"['Inductive reasoning', 'Logical reasoning', 'Logic', 'Deductive reasoning', 'Abductive reasoning']",[],set(),set(),0,0.0,2.6527088264626946e-305
150,492,Outline of logic,,https://en.wikipedia.org/wiki/Outline of logic,"Logic  is the formal science of using reason and is considered a branch of both philosophy and mathematics and to a lesser extent computer science. Logic investigates and classifies the structure of statements and arguments, both through the study of formal systems of inference and the study of arguments in natural language. The scope of logic can therefore be very large, ranging from core topics such as the study of fallacies and paradoxes, to specialized analyses of reasoning such as probability, correct reasoning, and arguments involving causality. One of the aims of logic is to identify the correct (or valid) and incorrect (or fallacious) inferences. Logicians study the criteria for the evaluation of arguments.",69aae4fc8fce8e37dc8393fe_concept_9209192297135333510,related_concept,Inference,2026-03-06 14:30:03.033,['Logic'],[],set(),set(),0,0.0,2.6267075889662923e-305
151,493,A priori and a posteriori,,https://en.wikipedia.org/wiki/A priori and a posteriori,"A priori ('from the earlier') and a posteriori ('from the later') are Latin phrases used in philosophy and linguistics to distinguish types of knowledge, justification, or argument by their reliance on experience. A priori knowledge is independent of any experience. Examples include mathematics, tautologies and deduction from pure reason. A posteriori knowledge depends on empirical evidence. Examples include most fields of science and aspects of personal knowledge.
The terms originate from the analytic methods found in Organon, a collection of works by Aristotle. Prior analytics (a priori) is about deductive logic, which comes from definitions and first principles. Posterior analytics (a posteriori) is about inductive logic, which comes from observational evidence.
Both terms appear in Euclid's Elements and were popularized by Immanuel Kant's Critique of Pure Reason, an influential work in the history of philosophy. Both terms are primarily used as modifiers to the noun ""knowledge"" (e.g., ""a priori knowledge""). A priori can be used to modify other nouns such as ""truth"". Philosophers may use apriority, apriorist and aprioricity as nouns referring to the quality of being a priori.",69aae4fc8fce8e37dc8393fe_concept_7776732406759294013,related_concept,Inference,2026-03-06 14:30:03.033,['Reason'],[],set(),set(),0,0.0,0.6865668045696114
152,494,Immediate inference,,https://en.wikipedia.org/wiki/Immediate inference,"An immediate inference is an inference which can be made from only one statement or proposition. For instance, from the statement ""All toads are green"", the immediate inference can be made that ""no toads are not green"" or ""no toads are non-green"" (Obverse). There are a number of immediate inferences which can validly be made using logical operations. There are also invalid immediate inferences which are syllogistic fallacies.",69aae4fc8fce8e37dc8393fe_concept_8863306162773301922,related_concept,Inference,2026-03-06 14:30:03.033,[],[],set(),set(),0,0.0,0.4265081948148729
153,495,Logic,,https://en.wikipedia.org/wiki/Logic,"Logic is the study of correct reasoning. It includes both formal and informal logic. Formal logic is the study of deductively valid inferences or logical truths. It examines how conclusions follow from premises based on the structure of arguments alone, independent of their topic and content. Informal logic is associated with informal fallacies, critical thinking, and argumentation theory. Informal logic examines arguments expressed in natural language whereas formal logic uses formal language. When used as a countable noun, the term ""a logic"" refers to a specific logical formal system that articulates a proof system. Logic plays a central role in many fields, such as philosophy, mathematics, computer science, and linguistics.
Logic studies arguments, which consist of a set of premises that leads to a conclusion. An example is the argument from the premises ""it's Sunday"" and ""if it's Sunday then I don't have to work"" leading to the conclusion ""I don't have to work."" Premises and conclusions express propositions or claims that can be true or false. An important feature of propositions is their internal structure. For example, complex propositions are made up of simpler propositions linked by logical vocabulary like 
  
    
      
        ∧
      
    
    {\displaystyle \land }
  
 (and) or 
  
    
      
        →
      
    
    {\displaystyle \to }
  
 (if...then). Simple propositions also have parts, like ""Sunday"" or ""work"" in the example. The truth of a proposition usually depends on the meanings of all of its parts. However, this is not the case for logically true propositions. They are true only because of their logical structure independent of the specific meanings of the individual parts.
Arguments can be either correct or incorrect. An argument is correct if its premises support its conclusion. Deductive arguments have the strongest form of support: if their premises are true then their conclusion must also be true. This is not the case for ampliative arguments, which arrive at genuinely new information not found in the premises. Many arguments in everyday discourse and the sciences are ampliative arguments. They are divided into inductive and abductive arguments. Inductive arguments are statistical generalizations, such as inferring that all ravens are black based on many individual observations of black ravens. Abductive arguments are inferences to the best explanation, for example, when a doctor concludes that a patient has a certain disease which explains the symptoms they suffer. Arguments that fall short of the standards of correct reasoning often embody fallacies. Systems of logic are theoretical frameworks for assessing the correctness of arguments.
Logic has been studied since antiquity. Early approaches include Aristotelian logic, Stoic logic, Nyaya, and Mohism. Aristotelian logic focuses on reasoning in the form of syllogisms. It was considered the main system of logic in the Western world until it was replaced by modern formal logic, which has its roots in the work of late 19th-century mathematicians such as Gottlob Frege. Today, the most commonly used system is classical logic. It consists of propositional logic and first-order logic. Propositional logic only considers logical relations between full propositions. First-order logic also takes the internal parts of propositions into account, like predicates and quantifiers. Extended logics accept the basic intuitions behind classical logic and apply it to other fields, such as metaphysics, ethics, and epistemology. Deviant logics, on the other hand, reject certain classical intuitions and provide alternative explanations of the basic laws of logic.",69aae4fc8fce8e37dc8393fe_concept_5723422149218007813,related_concept,Inference,2026-03-06 14:30:03.033,['Logic'],[],set(),set(),0,0.0,0.3573697020740518
154,496,Statistical inference,,https://en.wikipedia.org/wiki/Statistical inference,"Statistical inference is the process of using data analysis to infer properties of an underlying probability distribution. Inferential statistical analysis infers properties of a population, for example by testing hypotheses and deriving estimates. It is assumed that the observed data set is sampled from a larger population.
Inferential statistics can be contrasted with descriptive statistics. Descriptive statistics is solely concerned with properties of the observed data, and it does not rest on the assumption that the data come from a larger population. In machine learning, the term inference is sometimes used instead to mean ""make a prediction, by evaluating an already trained model""; in this context inferring properties of the model is referred to as training or learning (rather than inference), and using a model for prediction is referred to as inference (instead of prediction); see also predictive inference.",69aae4fc8fce8e37dc8393fe_concept_7404146687757828679,related_concept,Inference,2026-03-06 14:30:03.033,"['Statistic', 'Statistical inference']",[],set(),set(),0,0.0,0.8864707239469835
155,497,Reasoning system,,https://en.wikipedia.org/wiki/Reasoning system,"In information technology a reasoning system is a software system that generates conclusions from available knowledge using logical techniques such as deduction and induction. Reasoning systems play an important role in the implementation of artificial intelligence and knowledge-based systems.
By the everyday usage definition of the phrase, all computer systems are reasoning systems in that they all automate some type of logic or decision. In typical use in the Information Technology field however, the phrase is usually reserved for systems that perform more complex kinds of reasoning. For example, not for systems that do fairly straightforward types of reasoning such as calculating a sales tax or customer discount but making logical inferences about a medical diagnosis or mathematical theorem. Reasoning systems come in two modes: interactive and batch processing. Interactive systems interface with the user to ask clarifying questions or otherwise allow the user to guide the reasoning process. Batch systems take in all the available information at once and generate the best answer possible without user feedback or guidance.
Reasoning systems have a wide field of application that includes scheduling, business rule processing, problem solving, complex event processing, intrusion detection, predictive analytics, robotics, computer vision, and natural language processing.",69aae4fc8fce8e37dc8393fe_concept_6965800642829417694,related_concept,Inference,2026-03-06 14:30:03.033,"['Reasoning system', 'Reason']",[],set(),set(),0,0.0,0.65747202342543
156,498,Syllogism,,https://en.wikipedia.org/wiki/Syllogism,"A syllogism (Ancient Greek: συλλογισμός, syllogismos, 'conclusion, inference') is a kind of logical argument that applies deductive reasoning to arrive at a conclusion based on two propositions that are asserted or assumed to be true.
In its earliest form (defined by Aristotle in his 350 BC book Prior Analytics), a deductive syllogism arises when two true premises (propositions or statements) validly imply a conclusion, or the main point that the argument aims to get across. For example, knowing that all men are mortal (major premise), and that Socrates is a man (minor premise), we may validly conclude that Socrates is mortal. Syllogistic arguments are usually represented in a three-line form: 

In antiquity, two rival syllogistic theories existed: Aristotelian syllogism and Stoic syllogism. From the Middle Ages onwards, categorical syllogism and syllogism were usually used interchangeably. This article is concerned only with this historical use. The syllogism was at the core of historical deductive reasoning, whereby facts are determined by combining existing statements, in contrast to inductive reasoning, in which facts are predicted by repeated observations.
Within some academic contexts, syllogism has been superseded by first-order predicate logic following the work of Gottlob Frege, in particular his Begriffsschrift (Concept Script; 1879). Syllogism, being a method of valid logical reasoning, will always be useful in most circumstances, and for general-audience introductions to logic and clear-thinking.",69aae4fc8fce8e37dc8393fe_concept_5807692688790028884,related_concept,Inference,2026-03-06 14:30:03.033,['Syllogism'],[],set(),set(),0,0.0,2.6024147395045024e-305
157,499,Deductive reasoning,,https://en.wikipedia.org/wiki/Deductive reasoning,"Deductive reasoning is the process of drawing valid inferences. An inference is valid if its conclusion follows logically from its premises, meaning that it is impossible for the premises to be true and the conclusion to be false. For example, the inference from the premises ""all men are mortal"" and ""Socrates is a man"" to the conclusion ""Socrates is mortal"" is deductively valid. An argument is sound if it is valid and all its premises are true. One approach defines deduction in terms of the intentions of the author: they have to intend for the premises to offer deductive support to the conclusion. With the help of this modification, it is possible to distinguish valid from invalid deductive reasoning: it is invalid if the author's belief about the deductive support is false, but even invalid deductive reasoning is a form of deductive reasoning. 
Deductive logic studies under what conditions an argument is valid. According to the semantic approach, an argument is valid if there is no possible interpretation of the argument whereby its premises are true and its conclusion is false. The syntactic approach, by contrast, focuses on rules of inference, that is, schemas of drawing a conclusion from a set of premises based only on their logical form. There are various rules of inference, such as modus ponens and modus tollens. Invalid deductive arguments, which do not follow a rule of inference, are called formal fallacies. Rules of inference are definitory rules and contrast with strategic rules, which specify what inferences one needs to draw in order to arrive at an intended conclusion.
Deductive reasoning contrasts with non-deductive or ampliative reasoning. For ampliative arguments, such as inductive or abductive arguments, the premises offer weaker support to their conclusion: they indicate that it is most likely, but they do not guarantee its truth. They make up for this drawback with their ability to provide genuinely new information (that is, information not already found in the premises), unlike deductive arguments.
Cognitive psychology investigates the mental processes responsible for deductive reasoning. One of its topics concerns the factors determining whether people draw valid or invalid deductive inferences. One such factor is the form of the argument: for example, people draw valid inferences more successfully for arguments of the form modus ponens than of the form modus tollens. Another factor is the content of the arguments: people are more likely to believe that an argument is valid if the claim made in its conclusion is plausible. A general finding is that people tend to perform better for realistic and concrete cases than for abstract cases. Psychological theories of deductive reasoning aim to explain these findings by providing an account of the underlying psychological processes. Mental logic theories hold that deductive reasoning is a language-like process that happens through the manipulation of representations using rules of inference. Mental model theories, on the other hand, claim that deductive reasoning involves models of possible states of the world without the medium of language or rules of inference. According to dual-process theories of reasoning, there are two qualitatively different cognitive systems responsible for reasoning.
The problem of deduction is relevant to various fields and issues. Epistemology tries to understand how justification is transferred from the belief in the premises to the belief in the conclusion in the process of deductive reasoning. Probability logic studies how the probability of the premises of an inference affects the probability of its conclusion. The controversial thesis of deductivism denies that there are other correct forms of inference besides deduction. Natural deduction is a type of proof system based on simple and self-evident rules of inference. In philosophy, the geometrical method is a way of philosophizing that starts from a small set of self-evident axioms and tries to build a comprehensive logical system using deductive reasoning.",69aae4fc8fce8e37dc8393fe_concept_6766924369718580566,related_concept,Inference,2026-03-06 14:30:03.033,['Deductive reasoning'],[],set(),set(),0,0.0,2.5809671767713446e-305
158,500,Backward chaining,,https://en.wikipedia.org/wiki/Backward chaining,"Backward chaining (or backward reasoning) is an inference method described colloquially as working backward from the goal. It is used in automated theorem provers, inference engines, proof assistants, and other artificial intelligence applications.
In game theory, researchers apply it to (simpler) subgames to find a solution to the game, in a process called backward induction. In chess, it is called retrograde analysis, and it is used to generate table bases for chess endgames for computer chess.
Backward chaining is implemented in logic programming by SLD resolution. Both rules are based on the modus ponens inference rule. It is one of the two most commonly used methods of reasoning with inference rules and logical implications – the other is forward chaining. Backward chaining systems usually employ a depth-first search strategy, e.g. Prolog.",69aae4fc8fce8e37dc8393fe_concept_1208033855721249776,related_concept,Inference,2026-03-06 14:30:03.033,['Backward chaining'],[],set(),set(),0,0.0,2.8222141014269195e-305
159,501,Transduction (machine learning),,https://en.wikipedia.org/wiki/Transduction (machine learning),"In logic, statistical inference, and supervised learning,
transduction or transductive inference is reasoning from
observed, specific (training) cases to specific (test) cases. In contrast,
induction is reasoning from observed training cases
to general rules, which are then applied to the test cases. The distinction is
most interesting in cases where the predictions of the transductive model are
not achievable by any inductive model. Note that this is caused by transductive
inference on different test sets producing mutually inconsistent predictions.
Transduction was introduced in a computer science context by Vladimir Vapnik in the 1990s, motivated by
his view that transduction is preferable to induction since, according to him, induction requires
solving a more general problem (inferring a function) before solving a more
specific problem (computing outputs for new cases): ""When solving a problem of
interest, do not solve a more general problem as an intermediate step. Try to
get the answer that you really need but not a more general one."".
An example of learning which is not inductive would be in the case of binary
classification, where the inputs tend to cluster in two groups. A large set of
test inputs may help in finding the clusters, thus providing useful information
about the classification labels. The same predictions would not be obtainable
from a model which induces a function based only on the training cases.  Some
people may call this an example of the closely related semi-supervised learning, since Vapnik's motivation is quite different. 
The most well-known example of a case-bases learning algorithm is the k-nearest neighbor algorithm, which is related to transductive learning algorithms.
Another example of an algorithm in this category is the Transductive Support Vector Machine (TSVM).
A third possible motivation of transduction arises through the need
to approximate. If exact inference is computationally prohibitive, one may at
least try to make sure that the approximations are good at the test inputs. In
this case, the test inputs could come from an arbitrary distribution (not
necessarily related to the distribution of the training inputs), which wouldn't
be allowed in semi-supervised learning. An example of an algorithm falling in
this category is the Bayesian Committee Machine (BCM).",69aae4fc8fce8e37dc8393fe_concept_8610218016556245780,related_concept,Inference,2026-03-06 14:30:03.033,['Vladimir Vapnik'],[],set(),set(),0,0.0,2.770154996324268e-305
160,502,Inference engine,,https://en.wikipedia.org/wiki/Inference engine,"In the field of artificial intelligence, an inference engine is a software component of an intelligent system that applies logical rules to the knowledge base to deduce new information. The first inference engines were components of expert systems. The typical expert system consisted of a knowledge base and an inference engine. The knowledge base stored facts about the world. The inference engine applied logical rules to the knowledge base and deduced new knowledge. This process would iterate as each new fact in the knowledge base could trigger additional rules in the inference engine. Inference engines work primarily in one of two modes either special rule or facts: forward chaining and backward chaining. Forward chaining starts with the known facts and asserts new facts. Backward chaining starts with goals, and works backward to determine what facts must be asserted so that the goals can be achieved.
Additionally, the concept of 'inference' has expanded to include the process through which trained neural networks generate predictions or decisions. In this context, an 'inference engine' could refer to the specific part of the system, or even the hardware, that executes these operations. This type of inference plays a crucial role in various applications, including (but not limited to) image recognition, natural language processing, and autonomous vehicles. The inference phase in these applications is typically characterized by a high volume of data inputs and real-time processing requirements.",69aae4fc8fce8e37dc8393fe_concept_6724045890286885684,related_concept,Inference,2026-03-06 14:30:03.033,"['Backward chaining', 'Inference engine', 'Inference']",[],set(),set(),0,0.0,0.6092289962641774
161,503,Rule of inference,,https://en.wikipedia.org/wiki/Rule of inference,"Rules of inference are ways of deriving conclusions from premises. They are integral parts of formal logic, serving as the logical structure of valid arguments. If an argument with true premises follows a rule of inference then the conclusion cannot be false. Modus ponens, an influential rule of inference, connects two premises of the form ""if 
  
    
      
        P
      
    
    {\displaystyle P}
  
 then 
  
    
      
        Q
      
    
    {\displaystyle Q}
  
"" and ""
  
    
      
        P
      
    
    {\displaystyle P}
  
"" to the conclusion ""
  
    
      
        Q
      
    
    {\displaystyle Q}
  
"", as in the argument ""If it rains, then the ground is wet. It rains. Therefore, the ground is wet."" There are many other rules of inference for different patterns of valid arguments, such as modus tollens, disjunctive syllogism, constructive dilemma, and existential generalization.
Rules of inference include rules of implication, which operate only in one direction from premises to conclusions, and rules of replacement, which state that two expressions are equivalent and can be freely swapped. They contrast with formal fallacies—invalid argument forms involving logical errors.
Logicians construct formal systems to precisely capture and codify valid patterns of reasoning, with distinct systems using different rules of inference. For example, propositional logic examines how statements formed through logical operators like ""not"" and ""if...then..."" support conclusions. First-order logic extends propositional logic by analyzing how the internal structure of propositions, like names and predicates, influences reasoning. Other logical systems explore inferential patterns associated with what is possible and necessary, with what people believe, and with what happened at different times. Various formalisms are used to express logical systems. Natural deduction systems employ many intuitive rules of inference to reflect how people naturally reason, while Hilbert systems provide minimalistic frameworks to represent foundational principles without redundancy.
Rules of inference are relevant to many areas, such as proofs in mathematics and automated reasoning in computer science. Their conceptual and psychological underpinnings are studied by philosophers of logic and cognitive psychologists.",69aae4fc8fce8e37dc8393fe_concept_1867211212425606802,related_concept,Inference,2026-03-06 14:30:03.033,['Logic'],[],set(),set(),0,0.0,0.38258853997000225
162,504,Reason,,https://en.wikipedia.org/wiki/Reason,"Reason is the capacity to consciously apply logic by drawing valid conclusions from new or existing information, with the aim of seeking truth. It is associated with activities considered characteristic of humans, including philosophy, religion, science, language, and mathematics, and is generally considered a distinguishing ability possessed by humans. The term ""reason"" is sometimes used to refer to rationality, although the latter is more about its application.
Reasoning involves using more-or-less rational processes of thinking and cognition to extrapolate from one's existing knowledge to generate new knowledge, and involves the use of one's intellect. The field of logic is the study of how humans can use formal reasoning to produce logically valid arguments and true conclusions. Reasoning may be subdivided into forms of logical reasoning, such as deductive reasoning, inductive reasoning, and abductive reasoning.
Aristotle drew a distinction between logical discursive reasoning (reason proper), and intuitive reasoning, in which the reasoning process through intuition—however valid—may tend toward the personal and the subjectively opaque. In some social and political settings logical and intuitive modes of reasoning may clash, while in other contexts intuition and formal reason are seen as complementary rather than adversarial. For example, in mathematics, intuition is often necessary for the creative processes involved with arriving at a formal proof, arguably the most difficult of formal reasoning tasks.
Reasoning, like habit or intuition, is one of the ways by which thinking moves from one idea to a related idea. For example, reasoning is the means by which rational individuals understand the significance of sensory information from their environments, or conceptualize abstract dichotomies such as cause and effect, truth and falsehood, or good and evil. Reasoning, as a part of executive decision making, is also closely identified with the ability to self-consciously change, in terms of goals, beliefs, attitudes, traditions, and institutions, and therefore with the capacity for freedom and self-determination.
Psychologists and cognitive scientists have attempted to study and explain how people reason, e.g. which cognitive and neural processes are engaged, and how cultural factors affect the inferences that people draw. The field of automated reasoning studies how reasoning may or may not be modeled computationally. Animal psychology considers the question of whether animals other than humans can reason.",69aae4fc8fce8e37dc8393fe_concept_7834551971719817451,related_concept,Inference,2026-03-06 14:30:03.033,['Reason'],[],set(),set(),0,0.0,0.45244006660834585
163,505,Bayesian inference,,https://en.wikipedia.org/wiki/Bayesian inference,"Bayesian inference ( BAY-zee-ən or  BAY-zhən) is a method of statistical inference in which Bayes' theorem is used to calculate a probability of a hypothesis, given prior evidence, and update it as more information becomes available. Fundamentally, Bayesian inference uses a prior distribution to estimate posterior probabilities. Bayesian inference is an important technique in statistics, and especially in mathematical statistics. Bayesian updating is particularly important in the dynamic analysis of a sequence of data. Bayesian inference has found application in a wide range of activities, including science, engineering, philosophy, medicine, sport, and law. In the philosophy of decision theory, Bayesian inference is closely related to subjective probability, often called ""Bayesian probability"".",69aae4fc8fce8e37dc8393fe_concept_7312527218305135853,related_concept,Inference,2026-03-06 14:30:03.033,['Bayesian inference'],[],set(),set(),0,0.0,0.8487726844632569
164,506,Judgment (mathematical logic),,https://en.wikipedia.org/wiki/Judgment (mathematical logic),"In mathematical logic, a judgment (or judgement) or assertion is a statement or enunciation in a metalanguage. For example, typical judgments in first-order logic would be that a string is a well-formed formula, or that a proposition is true. Similarly, a judgment may assert the occurrence of a free variable in an expression of the object language, or the provability of a proposition. In general, a judgment may be any inductively definable assertion in the metatheory.
Judgments are used in formalizing deduction systems: a logical axiom expresses a judgment, premises of a rule of inference are formed as a sequence of judgments, and their conclusion is a judgment as well (thus, hypotheses and conclusions of proofs are judgments). A characteristic feature of the variants of Hilbert-style deduction systems is that the context is not changed in any of their rules of inference, while both natural deduction and sequent calculus contain some context-changing rules. Thus, if we are interested only in the derivability of tautologies, not hypothetical judgments, then we can formalize the Hilbert-style deduction system in such a way that its rules of inference contain only judgments of a rather simple form. The same cannot be done with the other two deductions systems: as context is changed in some of their rules of inferences, they cannot be formalized so that hypothetical judgments could be avoided—not even if we want to use them just for proving derivability of tautologies.
This basic diversity among the various calculi allows such difference, that the same basic thought (e.g. deduction theorem) must be proven as a metatheorem in Hilbert-style deduction system, while it can be declared explicitly as a rule of inference in natural deduction.
In type theory, some analogous notions are used as in mathematical logic (giving rise to connections between the two fields, e.g. Curry–Howard correspondence). The abstraction in the notion of judgment in mathematical logic can be exploited also in foundation of type theory as well.",69aae4fc8fce8e37dc8393fe_concept_2067787587240309452,related_concept,Inference,2026-03-06 14:30:03.033,[],[],set(),set(),0,0.0,0.4347078566366571
165,507,Abductive reasoning,,https://en.wikipedia.org/wiki/Abductive reasoning,"Abductive reasoning (also called abduction, abductive inference, or retroduction) is a form of logical inference that seeks the simplest and most likely conclusion from a set of observations. It was formulated and advanced by the American philosopher and logician Charles Sanders Peirce beginning in the latter half of the 19th century.
Abductive reasoning, unlike deductive reasoning, yields a plausible conclusion but does not definitively verify it. Abductive conclusions do not eliminate uncertainty or doubt, which is expressed in terms such as ""best available"" or ""most likely"". While inductive reasoning draws general conclusions that apply to many situations, abductive conclusions are confined to the particular observations in question.
In the 1990s, as computing power grew, the fields of law, computer science, and artificial intelligence research spurred renewed interest in the subject of abduction.
Diagnostic expert systems frequently employ abduction.",69aae4fc8fce8e37dc8393fe_concept_6422550459994224968,related_concept,Inference,2026-03-06 14:30:03.033,['Abductive reasoning'],[],set(),set(),0,0.0,2.840777458513895e-305
166,508,Automated theorem proving,,https://en.wikipedia.org/wiki/Automated theorem proving,Automated theorem proving (also known as ATP or automated deduction) is a subfield of automated reasoning and mathematical logic dealing with proving mathematical theorems by computer programs. Automated reasoning over mathematical proof was a major motivating factor for the development of computer science.,69aae4fc8fce8e37dc8393fe_concept_9212173665261544436,related_concept,Inference,2026-03-06 14:30:03.033,['Automated theorem proving'],[],set(),set(),0,0.0,2.8518846861296296e-305
167,509,Inference,,https://en.wikipedia.org/wiki/Inference,"Inferences are steps in logical reasoning, moving from premises to logical consequences; etymologically, the word infer means to ""carry forward"". Inference is theoretically traditionally divided into deduction and induction, a distinction that dates at least to Aristotle (300s BC). Deduction is inference deriving logical conclusions from premises known or assumed to be true, with the laws of valid inference being studied in logic. Induction is inference from particular evidence to a universal conclusion. A third type of inference is sometimes distinguished, notably by Charles Sanders Peirce, contradistinguishing abduction from induction.
Various fields study how inference is done in practice. Human inference (i.e. how humans draw conclusions) is traditionally studied within the fields of logic, argumentation studies, and cognitive psychology; artificial intelligence researchers develop automated inference systems to emulate human inference. Statistical inference uses mathematics to draw conclusions in the presence of uncertainty. This generalizes deterministic reasoning, with the absence of uncertainty as a special case. Statistical inference uses quantitative or qualitative (categorical) data which may be subject to random variations.",69aae4fc8fce8e37dc8393fe_concept_111022382047967860,main_concept,,2026-03-06 14:30:03.033,"['Statistic', 'Statistical inference', 'Inference']",[],set(),set(),0,0.0,2.7925385969253566e-305
168,510,Social norm,,https://en.wikipedia.org/wiki/Social norm,"A social norm or norm is a shared standard of acceptable behavior by a group. Social norms can both be informal understandings that govern the behavior of members of a society, as well as be codified into rules and laws. Social normative influences or social norms, are deemed to be powerful drivers of human behavioural changes and well organized and incorporated by major theories which explain human behaviour. Institutions are composed of multiple norms. Norms are shared social beliefs about behavior; thus, they are distinct from ""ideas"", ""attitudes"", and ""values"", which can be held privately, and which do not necessarily concern behavior. Norms are contingent on context, social group, and historical circumstances.
Scholars distinguish between regulative norms (which constrain behavior), constitutive norms (which shape interests), and prescriptive norms (which prescribe what actors ought to do). The effects of norms can be determined by a logic of appropriateness and logic of consequences; the former entails that actors follow norms because it is socially appropriate, and the latter entails that actors follow norms because of cost-benefit calculations. Others see social norms emerging as part of an evolutionarily stable strategy, where they stabilize through third-party punishment.
Three stages have been identified in the life cycle of a norm: (1) Norm emergence – norm entrepreneurs seek to persuade others of the desirability and appropriateness of certain behaviors; (2) Norm cascade – when a norm obtains broad acceptance; and (3) Norm internalization – when a norm acquires a ""taken-for-granted"" quality. Norms are robust to various degrees: some norms are often violated whereas other norms are so deeply internalized that norm violations are infrequent. Evidence for the existence of norms can be detected in the patterns of behavior within and across groups, as well as the articulation of norms in group discourse.",69aae5128fce8e37dc8394d5_concept_1678945031307576832,main_concept,,2026-03-06 14:30:03.033,['Social norm'],[],set(),set(),0,0.0,0.8892495292271739
169,511,Chebyshev distance,,https://en.wikipedia.org/wiki/Chebyshev distance,"In mathematics, Chebyshev distance (or Tchebychev distance), maximum metric, or L∞ metric is a metric defined on a real coordinate space where the distance between two points is the greatest of their differences along any coordinate dimension. It is named after Pafnuty Chebyshev.
It is also known as chessboard distance, since in the game of chess the minimum number of moves needed by a king to go from one square on a chessboard to another equals the Chebyshev distance between the centers of the squares, if the squares have side length one, as represented in 2-D spatial coordinates with axes aligned to the edges of the board. For example, the Chebyshev distance between f6 and e2 equals 4.",69aae5128fce8e37dc8394d5_concept_4688964285175516681,main_concept,,2026-03-06 14:30:03.033,['Chebyshev distance'],[],set(),set(),0,0.0,3.9320610149705063e-305
170,512,Similarity measure,,https://en.wikipedia.org/wiki/Similarity measure,"In statistics and related fields, a similarity measure or similarity function or similarity metric is a real-valued function that quantifies the similarity between two objects. Although no single definition of a similarity exists, usually such measures are in some sense the inverse of distance metrics: they take on large values for similar objects and either zero or a negative value for very dissimilar objects. Though, in more broad terms, a similarity function may also satisfy metric axioms.
Cosine similarity is a commonly used similarity measure for real-valued vectors, used in (among other fields) information retrieval to score the similarity of documents in the vector space model. In machine learning, common kernel functions such as the RBF kernel can be viewed as similarity functions.",69aae5128fce8e37dc8394d5_concept_1316019095679559489,main_concept,,2026-03-06 14:30:03.033,[],[],set(),set(),0,0.0,4.434475419464985e-305
171,513,Jaccard index,,https://en.wikipedia.org/wiki/Jaccard index,"The Jaccard index is a statistic used for gauging the similarity and diversity of sample sets.
It is defined in general taking the ratio of two sizes (areas or volumes), the intersection size divided by the union size, also called intersection over union (IoU).
It was developed by Grove Karl Gilbert in 1884 as his ratio of verification (v) and now is often called the critical success index in meteorology. It was later developed independently by Paul Jaccard, originally giving the French name coefficient de communauté (coefficient of community), and independently formulated again by Taffee Tadashi Tanimoto. Thus, it is also called Tanimoto index or Tanimoto coefficient in some fields.",69aae5128fce8e37dc8394d5_concept_2654210200354621861,main_concept,,2026-03-06 14:30:03.033,['Jaccard index'],[],set(),set(),0,0.0,4.869179953268929e-305
172,514,Taxicab geometry,,https://en.wikipedia.org/wiki/Taxicab geometry,"Taxicab geometry or Manhattan geometry is geometry where the familiar Euclidean distance is ignored, and the distance between two points is instead defined to be the sum of the absolute differences of their respective Cartesian coordinates, a distance function (or metric) called the taxicab distance, Manhattan distance, or city block distance. The name refers to the island of Manhattan, or generically any planned city with a rectangular grid of streets, in which a taxicab can only travel along grid directions. In taxicab geometry, the distance between any two points equals the length of their shortest grid path. This different definition of distance also leads to a different definition of the length of a curve, for which a line segment between any two points has the same length as a grid path between those points rather than its Euclidean length.
The taxicab distance is also sometimes known as rectilinear distance or L1 distance (see Lp space). This geometry has been used in regression analysis since the 18th century, and is often referred to as LASSO. Its geometric interpretation dates to non-Euclidean geometry of the 19th century and is due to Hermann Minkowski.
In the two-dimensional real coordinate space 
  
    
      
        
          
            R
          
          
            2
          
        
      
    
    {\displaystyle \mathbb {R} ^{2}}
  
, the taxicab distance between two points 
  
    
      
        (
        
          x
          
            1
          
        
        ,
        
          y
          
            1
          
        
        )
      
    
    {\displaystyle (x_{1},y_{1})}
  
 and 
  
    
      
        (
        
          x
          
            2
          
        
        ,
        
          y
          
            2
          
        
        )
      
    
    {\displaystyle (x_{2},y_{2})}
  
 is 
  
    
      
        
          |
          
            
              x
              
                1
              
            
            −
            
              x
              
                2
              
            
          
          |
        
        +
        
          |
          
            
              y
              
                1
              
            
            −
            
              y
              
                2
              
            
          
          |
        
      
    
    {\displaystyle \left|x_{1}-x_{2}\right|+\left|y_{1}-y_{2}\right|}
  
. That is, it is the sum of the absolute values of the differences in both coordinates.",69aae5128fce8e37dc8394d5_concept_4351430752295497257,main_concept,,2026-03-06 14:30:03.033,"['Taxicab geometry', 'Euclidean distance']",[],set(),set(),0,0.0,3.9031442615698976e-305
173,515,Computer cluster,,https://en.wikipedia.org/wiki/Computer cluster,"A computer cluster is a set of computers that work together so that they can be viewed as a single system. Unlike grid computers, computer clusters have each node set to perform the same task, controlled and scheduled by software. The newest manifestation of cluster computing is cloud computing.
The components of a cluster are usually connected to each other through fast local area networks, with each node (computer used as a server) running its own instance of an operating system. In most circumstances, all of the nodes use the same hardware and the same operating system, although in some setups (e.g. using Open Source Cluster Application Resources (OSCAR)), different operating systems can be used on each computer, or different hardware.
Clusters are usually deployed to improve performance and availability over that of a single computer, while typically being much more cost-effective than single computers of comparable speed or availability.
Computer clusters emerged as a result of the convergence of a number of computing trends including the availability of low-cost microprocessors, high-speed networks, and software for high-performance distributed computing. They have a wide range of applicability and deployment, ranging from small business clusters with a handful of nodes to some of the fastest supercomputers in the world such as IBM's Sequoia.  Prior to the advent of clusters, single-unit fault tolerant mainframes with modular redundancy were employed; but the lower upfront cost of clusters, and increased speed of network fabric has favoured the adoption of clusters. In contrast to high-reliability mainframes, clusters are cheaper to scale out, but also have increased complexity in error handling, as in clusters error modes are not opaque to running programs.",69aae5128fce8e37dc8394d5_concept_884923943719988817,main_concept,,2026-03-06 14:30:03.033,"['Computer', 'Computer cluster']",[],set(),set(),0,0.0,0.9130063497534692
174,516,Learning,,https://en.wikipedia.org/wiki/Learning,"Learning is the process of acquiring new understanding, knowledge, behaviors, skills, values, attitudes, and preferences. The ability to learn is possessed by humans, non-human animals, and some machines; there is also evidence for some kind of learning in certain plants. Some learning is immediate, induced by a single event (e.g. being burned by a hot stove), but much skill and knowledge accumulate from repeated experiences. The changes induced by learning often last a lifetime, and it is hard to distinguish learned material that seems to be ""lost"" from that which cannot be retrieved.
Human learning starts at birth (it might even start before) and continues until death as a consequence of ongoing interactions between people and their environment. The nature and processes involved in learning are studied in many established fields (including educational psychology, neuropsychology, experimental psychology, cognitive sciences, and pedagogy), as well as emerging fields of knowledge (e.g. with a shared interest in the topic of learning from safety events such as incidents/accidents, or in collaborative learning health systems). Research in such fields has led to the identification of various sorts of learning. For example, learning may occur as a result of habituation, or classical conditioning, operant conditioning or as a result of more complex activities such as play, seen only in relatively intelligent animals. Learning may occur consciously or without conscious awareness. Learning that an aversive event cannot be avoided or escaped may result in a condition called learned helplessness. There is evidence for human behavioral learning prenatally, in which habituation has been observed as early as 32 weeks into gestation, indicating that the central nervous system is sufficiently developed and primed for learning and memory to occur very early on in development.
Play has been approached by several theorists as a form of learning. Children experiment with the world, learn the rules, and learn to interact through play. Lev Vygotsky agrees that play is pivotal for children's development, since they make meaning of their environment through playing educational games. For Vygotsky, however, play is the first form of learning language and communication, and the stage where a child begins to understand rules and symbols. This has led to a view that learning in organisms is always related to semiosis, and is often associated with representational systems/activity.",69aae5128fce8e37dc8394d5_concept_1385769245161404324,main_concept,,2026-03-06 14:30:03.033,['Learning'],[],set(),set(),0,0.0,2.0471174308161905e-305
175,519,Database,,https://en.wikipedia.org/wiki/Database,"In computing, a database is an organized collection of data or a type of data store based on the use of a database management system (DBMS), the software that interacts with end users, applications, and the database itself to capture and analyze the data. The DBMS additionally encompasses the core facilities provided to administer the database. The sum total of the database, the DBMS and the associated applications can be referred to as a database system. Often the term ""database"" is also used loosely to refer to any of the DBMS, the database system or an application associated with the database.
Before digital storage and retrieval of data became widespread, index cards were used for data storage in a wide range of applications and environments: in the home to record and store recipes, shopping lists, contact information and other organizational data; in business to record presentation notes, project research and notes, and contact information; in schools as flash cards or other visual aids; and in academic research to hold data such as bibliographical citations or notes in a card file. Professional book indexers used index cards in the creation of book indexes until they were replaced by indexing software in the 1980s and 1990s.
Small databases can be stored on a file system, while large databases are hosted on computer clusters or cloud storage. The design of databases spans formal techniques and practical considerations, including data modeling, efficient data representation and storage, query languages, security and privacy of sensitive data, and distributed computing issues, including supporting concurrent access and fault tolerance.
Computer scientists may classify database management systems according to the database models that they support. Relational databases became dominant in the 1980s. These model data as rows and columns in a series of tables, and the vast majority use SQL for writing and querying data. In the 2000s, non-relational databases became popular, collectively referred to as NoSQL, because they use different query languages.",69aae5128fce8e37dc8394d5_concept_6966574332522611292,main_concept,,2026-03-06 14:30:03.033,['Computer'],[],set(),set(),0,0.0,0.3060650478185759
176,521,Categorical variable,,https://en.wikipedia.org/wiki/Categorical variable,"In statistics, a categorical variable (also called qualitative variable) is a variable that can take on one of a limited, and usually fixed, number of possible values, assigning each individual or other unit of observation to a particular group or nominal category on the basis of some qualitative property. In computer science and some branches of mathematics, categorical variables are referred to as enumerations or enumerated types. Commonly (though not in this article), each of the possible values of a categorical variable is referred to as a level. The probability distribution associated with a random categorical variable is called a categorical distribution.
Categorical data is the statistical data type consisting of categorical variables or of data that has been converted into that form, for example as grouped data. More specifically, categorical data may derive from observations made of qualitative data that are summarised as counts or cross tabulations, or from observations of quantitative data grouped within given intervals. Often, purely categorical data are summarised in the form of a contingency table. However, particularly when considering data analysis, it is common to use the term ""categorical data"" to apply to data sets that, while containing some categorical variables, may also contain non-categorical variables. Ordinal variables have a meaningful ordering, while nominal variables have no meaningful ordering.
A categorical variable that can take on exactly two values is termed a binary variable or a dichotomous variable; an important special case is the Bernoulli variable. Categorical variables with more than two possible values are called polytomous variables; categorical variables are often assumed to be polytomous unless otherwise specified. Discretization is treating continuous data as if it were categorical. Dichotomization is treating continuous data or polytomous variables as if they were binary variables. Regression analysis often treats category membership with one or more quantitative dummy variables.",69aae5128fce8e37dc8394d5_concept_6427630818954803124,main_concept,,2026-03-06 14:30:03.033,"['Regression analysis', 'Categorical variable']",[],set(),set(),0,0.0,0.6483981559599804
177,522,Sine and cosine,,https://en.wikipedia.org/wiki/Sine and cosine,"In mathematics, sine and cosine are trigonometric functions of an angle. The sine and cosine of an acute angle are defined in the context of a right triangle: for the specified angle, its sine is the ratio of the length of the side opposite that angle to the length of the longest side of the triangle (the hypotenuse), and the cosine is the ratio of the length of the adjacent leg to that of the hypotenuse. For an angle 
  
    
      
        θ
      
    
    {\displaystyle \theta }
  
, the sine and cosine functions are denoted as 
  
    
      
        sin
        ⁡
        (
        θ
        )
      
    
    {\displaystyle \sin(\theta )}
  
 and 
  
    
      
        cos
        ⁡
        (
        θ
        )
      
    
    {\displaystyle \cos(\theta )}
  
.
The definitions of sine and cosine have been extended to any real value in terms of the lengths of certain line segments in a unit circle. More modern definitions express the sine and cosine as infinite series, or as the solutions of certain differential equations, allowing their extension to arbitrary positive and negative values and even to complex numbers.
The sine and cosine functions are commonly used to model periodic phenomena such as sound and light waves, the position and velocity of harmonic oscillators, sunlight intensity and day length, and average temperature variations throughout the year. They can be traced to the jyā and koṭi-jyā functions used in Indian astronomy during the Gupta period.",69aae5128fce8e37dc8394d5_concept_7341839177602767522,main_concept,,2026-03-06 14:30:03.033,[],[],set(),set(),0,0.0,4.027603745316999e-305
178,523,Euclidean vector,,https://en.wikipedia.org/wiki/Euclidean vector,"In mathematics, physics, and engineering, a Euclidean vector or simply a vector (sometimes called a geometric vector or spatial vector) is a geometric object that has magnitude (or length) and direction. Euclidean vectors can be added and scaled to form a vector space. A vector quantity is a vector-valued physical quantity, including units of measurement and possibly a support, formulated as a directed line segment. A vector is frequently depicted graphically as an arrow connecting an initial point A with a terminal point B, and denoted by 
  
    
      
        
          
            
              
                A
                B
              
              
                ⟶
              
            
          
        
        .
      
    
    {\textstyle {\stackrel {\longrightarrow }{AB}}.}
  

A vector is what is needed to ""carry"" the point A to the point B; the Latin word vector means 'carrier'. It was first used by 18th century astronomers investigating planetary revolution around the Sun. The magnitude of the vector is the distance between the two points, and the direction refers to the direction of displacement from A to B. Many algebraic operations on real numbers such as addition, subtraction, multiplication, and negation have close analogues for vectors, operations which obey the familiar algebraic laws of commutativity, associativity, and distributivity. These operations and associated laws qualify Euclidean vectors as an example of the more generalized concept of vectors defined simply as elements of a vector space.
Vectors play an important role in physics: the velocity and acceleration of a moving object and the forces acting on it can all be described with vectors. Many other physical quantities can be usefully thought of as vectors. Although most of them do not represent distances (except, for example, position or displacement), their magnitude and direction can still be represented by the length and direction of an arrow. The mathematical representation of a physical vector depends on the coordinate system used to describe it. Other vector-like mathematical objects that describe physical quantities, such as pseudovectors and tensors,  transform in a similar way under changes of the coordinate system.",69aae5128fce8e37dc8394d5_concept_3785156674172040365,main_concept,,2026-03-06 14:30:03.033,['Euclidean vector'],[],set(),set(),0,0.0,4.0332435932616983e-305
179,524,Minkowski distance,,https://en.wikipedia.org/wiki/Minkowski distance,The Minkowski distance or Minkowski metric is a metric in a normed vector space which can be considered as a generalization of both the Euclidean distance and the Manhattan distance. It is named after the mathematician Hermann Minkowski.,69aae5128fce8e37dc8394d5_concept_8871243700189283282,main_concept,,2026-03-06 14:30:03.033,"['Minkowski distance', 'Euclidean distance']",[],set(),set(),0,0.0,3.9313493010774534e-305
180,525,Euclidean distance,,https://en.wikipedia.org/wiki/Euclidean distance,"In mathematics, the Euclidean distance between two points in a Euclidean space is the length of the line segment between them. It can be calculated from the Cartesian coordinates of the points using the Pythagorean theorem, and therefore is occasionally called the Pythagorean distance.
These names come from the ancient Greek mathematicians Euclid and Pythagoras. In the Greek deductive geometry exemplified by Euclid's Elements, distances were not represented as numbers but line segments of the same length, which were considered ""equal"". The notion of distance is inherent in the compass tool used to draw a circle, whose points all have the same distance from a common center point. The connection from the Pythagorean theorem to distance calculation was not made until the 18th century.
The distance between two objects that are not points is usually defined to be the smallest distance among pairs of points from the two objects. Formulas are known for computing distances between different types of objects, such as the distance from a point to a line. In advanced mathematics, the concept of distance has been generalized to abstract metric spaces, and other distances than Euclidean have been studied. In some applications in statistics and optimization, the square of the Euclidean distance is used instead of the distance itself.",69aae5128fce8e37dc8394d5_concept_812981949626034810,main_concept,,2026-03-06 14:30:03.033,['Euclidean distance'],[],set(),set(),0,0.0,3.8403672917802655e-305
181,526,Metric space,,https://en.wikipedia.org/wiki/Metric space,"In mathematics, a metric space is a set together with a notion of distance between its elements, usually called points.  The distance is measured by a function called a metric or distance function.  Metric spaces are a general setting for studying many of the concepts of mathematical analysis and geometry.
The most familiar example of a metric space is 3-dimensional Euclidean space with its usual notion of distance.  Other well-known examples are a sphere equipped with the angular distance and the hyperbolic plane.  A metric may correspond to a metaphorical, rather than physical, notion of distance. For example, the set of 100-character Unicode strings can be equipped with the Hamming distance, which measures the number of characters that need to be changed to get from one string to another.
Since they are very general, metric spaces are a tool used in many different branches of mathematics.  Many types of mathematical objects have a natural notion of distance and therefore admit the structure of a metric space, including Riemannian manifolds, normed vector spaces, and graphs.  In abstract algebra, the p-adic numbers arise as elements of the completion of a metric structure on the rational numbers.  Metric spaces are also studied in their own right in metric geometry and analysis on metric spaces.
Many of the basic notions of mathematical analysis, including balls, completeness, as well as uniform, Lipschitz, and Hölder continuity, can be defined in the setting of metric spaces.  Other notions, such as continuity, compactness, and open and closed sets, can be defined for metric spaces, but also in the even more general setting of topological spaces.",69aae5128fce8e37dc8394d5_concept_8998182154730214901,main_concept,,2026-03-06 14:30:03.033,['Metric space'],[],set(),set(),0,0.0,3.978918571885491e-305
182,527,Support vector machine,,https://en.wikipedia.org/wiki/Support vector machine,"In machine learning, support vector machines (SVMs, also support vector networks) are supervised max-margin models with associated learning algorithms that analyze data for classification and regression analysis. Developed at AT&T Bell Laboratories, SVMs are one of the most studied models, being based on statistical learning frameworks of VC theory proposed by Vapnik (1982, 1995) and Chervonenkis (1974).
In addition to performing linear classification, SVMs can efficiently perform non-linear classification using the kernel trick, representing the data only through a set of pairwise similarity comparisons between the original data points using a kernel function, which transforms them into coordinates in a higher-dimensional feature space. Thus, SVMs use the kernel trick to implicitly map their inputs into high-dimensional feature spaces, where linear classification can be performed.  Being max-margin models, SVMs are resilient to noisy data (e.g., misclassified examples). SVMs can also be used for regression tasks, where the objective becomes 
  
    
      
        ϵ
      
    
    {\displaystyle \epsilon }
  
-sensitive.
The support vector clustering algorithm, created by Hava Siegelmann and Vladimir Vapnik, applies the statistics of support vectors, developed in the support vector machines algorithm, to categorize unlabeled data. These data sets require unsupervised learning approaches, which attempt to find natural clustering of the data into groups, and then to map new data according to these clusters.
The popularity of SVMs is likely due to their amenability to theoretical analysis, and their flexibility in being applied to a wide variety of tasks, including structured prediction problems. It is not clear that SVMs have better predictive performance than other linear models, such as logistic regression and linear regression.",69aae5128fce8e37dc8394d5_concept_4877986157807036320,related_concept,Unsupervised learning,2026-03-06 14:30:03.033,['Vladimir Vapnik'],[],set(),set(),0,0.0,0.8474290106897034
183,528,Feature learning,,https://en.wikipedia.org/wiki/Feature learning,"In machine learning, feature learning or representation learning is a set of techniques that allow a system to automatically discover the representations needed for feature detection or classification from raw data. This replaces manual feature engineering and allows a machine to both learn the features and use them to perform  a specific task.
Feature learning is motivated by the fact that ML tasks such as classification often require input that is mathematically and computationally convenient to process. However, real-world data, such as image, video, and sensor data, have not yielded to attempts to algorithmically define specific features. An alternative is to discover such features or representations through examination, without relying on explicit algorithms.
Feature learning can be either supervised, unsupervised, or self-supervised:

In supervised feature learning, features are learned using labeled input data. Labeled data includes input-label pairs where the input is given to the model, and it must produce the ground truth label as the output. This can be leveraged to generate feature representations with the model which result in high label prediction accuracy. Examples include supervised neural networks, multilayer perceptrons, and dictionary learning.
In unsupervised feature learning, features are learned with unlabeled input data by analyzing the relationship between points in the dataset.  Examples include dictionary learning, independent component analysis, matrix factorization, and various forms of clustering.
In self-supervised feature learning, features are learned using unlabeled data like unsupervised learning, however input-label pairs are constructed from each data point, enabling learning the structure of the data through supervised methods such as gradient descent. Classical examples include word embeddings and autoencoders. Self-supervised learning has since been applied to many modalities through the use of deep neural network architectures such as convolutional neural networks and transformers.",69aae5128fce8e37dc8394d5_concept_3043783695182497837,related_concept,Unsupervised learning,2026-03-06 14:30:03.033,"['Feature learning', 'Self-supervised learning', 'Labeled data']",[],set(),set(),0,0.0,4.632978640753923e-305
184,529,Anomaly detection,,https://en.wikipedia.org/wiki/Anomaly detection,"In data analysis, anomaly detection (also referred to as outlier detection and sometimes as novelty detection) is generally understood to be the identification of rare items, events or observations which deviate significantly from the majority of the data and do not conform to a well defined notion of normal behavior. Such examples may arouse suspicions of being generated by a different mechanism, or appear inconsistent with the remainder of that set of data.
Anomaly detection finds application in many domains including cybersecurity, medicine, machine vision, statistics, neuroscience, law enforcement and financial fraud to name only a few. Anomalies were initially searched for clear rejection or omission from the data to aid statistical analysis, for example to compute the mean or standard deviation. They were also removed to better predictions from models such as linear regression, and more recently their removal aids the performance of machine learning algorithms. However, in many applications anomalies themselves are of interest and are the observations most desirous in the entire data set, which need to be identified and separated from noise or irrelevant outliers.
Three broad categories of anomaly detection techniques exist. Supervised anomaly detection techniques require a data set that has been labeled as ""normal"" and ""abnormal"" and involves training a classifier. However, this approach is rarely used in anomaly detection due to the general unavailability of labelled data and the inherent unbalanced nature of the classes. Semi-supervised anomaly detection techniques assume that some portion of the data is labelled. This may be any combination of the normal or anomalous data, but more often than not, the techniques construct a model representing normal behavior from a given normal training data set, and then test the likelihood of a test instance to be generated by the model. Unsupervised anomaly detection techniques assume the data is unlabelled and are by far the most commonly used due to their wider and relevant application.",69aae5128fce8e37dc8394d5_concept_6817951647073245698,related_concept,Unsupervised learning,2026-03-06 14:30:03.033,['Anomaly detection'],[],set(),set(),0,0.0,0.7904771804388353
185,530,Self-organizing map,,https://en.wikipedia.org/wiki/Self-organizing map,"A self-organizing map (SOM) or self-organizing feature map (SOFM) is an unsupervised machine learning technique used to produce a low-dimensional (typically two-dimensional) representation of a higher-dimensional data set while preserving the topological structure of the data. For example, a data set with 
  
    
      
        p
      
    
    {\displaystyle p}
  
 variables measured in 
  
    
      
        n
      
    
    {\displaystyle n}
  
 observations could be represented as clusters of observations with similar values for the variables. These clusters then could be visualized as a two-dimensional ""map"" such that observations in proximal clusters have more similar values than observations in distal clusters. This can make high-dimensional data easier to visualize and analyze.
An SOM is a type of artificial neural network but is trained using competitive learning rather than the error-correction learning (e.g., backpropagation with gradient descent) used by other artificial neural networks. The SOM was introduced by the Finnish professor Teuvo Kohonen in the 1980s and therefore is sometimes called a Kohonen map or Kohonen network. The Kohonen map or network is a computationally convenient abstraction building on biological models of neural systems from the 1970s and morphogenesis models dating back to Alan Turing in the 1950s.
SOMs create internal representations reminiscent of the cortical homunculus, a distorted representation of the human body, based on a neurological ""map"" of the areas and proportions of the human brain dedicated to processing sensory functions, for different parts of the body.",69aae5128fce8e37dc8394d5_concept_6269027416800981303,related_concept,Unsupervised learning,2026-03-06 14:30:03.033,[],[],set(),set(),0,0.0,0.5567191472558894
186,531,Dimensionality reduction,,https://en.wikipedia.org/wiki/Dimensionality reduction,"Dimensionality reduction, or dimension reduction, is the transformation of data from a high-dimensional space into a low-dimensional space so that the low-dimensional representation retains some meaningful properties of the original data, ideally close to its intrinsic dimension. Working in high-dimensional spaces can be undesirable for many reasons; raw data are often sparse as a consequence of the curse of dimensionality, and analyzing the data is usually computationally intractable. Dimensionality reduction is common in fields that deal with large numbers of observations and/or large numbers of variables, such as signal processing, speech recognition, neuroinformatics, and bioinformatics.
Methods are commonly divided into linear and nonlinear approaches. Linear approaches can be further divided into feature selection and feature extraction. Dimensionality reduction can be used for noise reduction, data visualization, cluster analysis, or as an intermediate step to facilitate other analyses.",69aae5128fce8e37dc8394d5_concept_2000260203518931964,related_concept,Unsupervised learning,2026-03-06 14:30:03.033,['Dimensionality reduction'],[],set(),set(),0,0.0,0.792471943442872
187,532,Self-supervised learning,,https://en.wikipedia.org/wiki/Self-supervised learning,"Self-supervised learning (SSL) is a paradigm in machine learning where a model is trained on a task using the data itself to generate supervisory signals, rather than relying on externally-provided labels. In the context of neural networks, self-supervised learning aims to leverage inherent structures or relationships within the input data to create meaningful training signals. SSL tasks are designed so that solving them requires capturing essential features or relationships in the data. The input data is typically augmented or transformed in a way that creates pairs of related samples, where one sample serves as the input, and the other is used to formulate the supervisory signal. This augmentation can involve introducing noise, cropping, rotation, or other transformations. Self-supervised learning more closely imitates the way humans learn to classify objects.
During SSL, the model learns in two steps. First, the task is solved based on an auxiliary or pretext classification task using pseudo-labels, which help to initialize the model parameters. Next, the actual task is performed with supervised or unsupervised learning.
Self-supervised learning has produced promising results in recent years, and has found practical application in fields such as audio processing, and is being used by Facebook and others for speech recognition.",69aae5128fce8e37dc8394d5_concept_2730369224258333574,related_concept,Unsupervised learning,2026-03-06 14:30:03.033,['Self-supervised learning'],[],set(),set(),0,0.0,4.453522164672383e-305
188,533,Model-based clustering,,https://en.wikipedia.org/wiki/Model-based clustering,"In statistics, cluster analysis is the algorithmic grouping of objects into homogeneous
groups based on numerical measurements. Model-based clustering based on a statistical model for the data, usually a mixture model. This has several advantages, including a principled statistical basis for clustering,
and ways to choose the number of clusters, to choose the best clustering model, to assess the uncertainty of the clustering, and to identify outliers that do not belong to any group.",69aae5128fce8e37dc8394d5_concept_4871181388599604706,related_concept,Unsupervised learning,2026-03-06 14:30:03.033,['Model-based clustering'],[],set(),set(),0,0.0,0.9082791883068402
189,534,Cluster analysis,,https://en.wikipedia.org/wiki/Cluster analysis,"Cluster analysis, or clustering, is a data analysis technique aimed at partitioning a set of objects into groups such that objects within the same group (called a cluster) exhibit greater similarity to one another (in some specific sense defined by the analyst) than to those in other groups (clusters). It is a main task of exploratory data analysis, and a common technique for statistical data analysis, used in many fields, including pattern recognition, image analysis, information retrieval, bioinformatics, data compression, computer graphics and machine learning.
Cluster analysis refers to a family of algorithms and tasks rather than one specific algorithm. It can be achieved by various algorithms that differ significantly in their understanding of what constitutes a cluster and how to efficiently find them. Popular notions of clusters include groups with small distances between cluster members, dense areas of the data space, intervals or particular statistical distributions. Clustering can therefore be formulated as a multi-objective optimization problem. The appropriate clustering algorithm and parameter settings (including parameters such as the distance function to use, a density threshold or the number of expected clusters) depend on the individual data set and intended use of the results. Cluster analysis as such is not an automatic task, but an iterative process of knowledge discovery or interactive multi-objective optimization that involves trial and failure. It is often necessary to modify data preprocessing and model parameters until the result achieves the desired properties.
Besides the term clustering, there are a number of terms with similar meanings, including automatic classification, numerical taxonomy, botryology (from Greek: βότρυς 'grape'), typological analysis, and community detection. The subtle differences are often in the use of the results: while in data mining, the resulting groups are the matter of interest, in automatic classification the resulting discriminative power is of interest.
Cluster analysis originated in anthropology by Driver and Kroeber in 1932 and introduced to psychology by Joseph Zubin in 1938 and Robert Tryon in 1939 and famously used by Cattell beginning in 1943 for trait theory classification in personality psychology.",69aae5128fce8e37dc8394d5_concept_4888821327809367134,related_concept,Unsupervised learning,2026-03-06 14:30:03.033,['Cluster analysis'],[],set(),set(),0,0.0,0.9074338874546668
190,535,Fuzzy clustering,,https://en.wikipedia.org/wiki/Fuzzy clustering,"Fuzzy clustering (also referred to as soft clustering or soft k-means) is a form of clustering in which each data point can belong to more than one cluster.
Clustering or cluster analysis involves assigning data points to clusters such that items in the same cluster are as similar as possible, while items belonging to different clusters are as dissimilar as possible. Clusters are identified via similarity measures. These similarity measures include distance, connectivity, and intensity. Different similarity measures may be chosen based on the data or the application.",69aae5128fce8e37dc8394d5_concept_8107792697594195219,related_concept,Unsupervised learning,2026-03-06 14:30:03.033,['Fuzzy clustering'],[],set(),set(),0,0.0,0.9116208561916347
191,536,Statistical classification,,https://en.wikipedia.org/wiki/Statistical classification,"When classification is performed by a computer, statistical methods are normally used to develop the algorithm.
Often, the individual observations are analyzed into a set of quantifiable properties, known variously as explanatory variables or features.  These properties may variously be categorical (e.g. ""A"", ""B"", ""AB"" or ""O"", for blood type), ordinal (e.g. ""large"", ""medium"" or ""small""), integer-valued (e.g. the number of occurrences of a particular word in an email) or real-valued (e.g. a measurement of blood pressure). Other classifiers work by comparing observations to previous observations by means of a similarity or distance function.
An algorithm that implements classification, especially in a concrete implementation, is known as a classifier.  The term ""classifier"" sometimes also refers to the mathematical function, implemented by a classification algorithm, that maps input data to a category.
Terminology across fields is quite varied. In statistics, where classification is often done with logistic regression or a similar procedure, the properties of observations are termed explanatory variables (or independent variables, regressors, etc.), and the categories to be predicted are known as outcomes, which are considered to be possible values of the dependent variable.  In machine learning, the observations are often known as instances, the explanatory variables are termed features (grouped into a feature vector), and the possible categories to be predicted are classes.  Other fields may use different terminology: e.g. in community ecology, the term ""classification"" normally refers to cluster analysis.",69aae5128fce8e37dc8394d5_concept_6615142634953003278,related_concept,Unsupervised learning,2026-03-06 14:30:03.033,[],[],set(),set(),0,0.0,0.8674613240355236
192,537,Outline of machine learning,,https://en.wikipedia.org/wiki/Outline of machine learning,"The following outline is provided as an overview of, and topical guide to, machine learning:
Machine learning (ML) is a subfield of artificial intelligence within computer science that evolved from the study of pattern recognition and computational learning theory. In 1959, Arthur Samuel defined machine learning as a ""field of study that gives computers the ability to learn without being explicitly programmed"". ML involves the study and construction of algorithms that can learn from and make predictions on data. These algorithms operate by building a model from a training set of example observations to make data-driven predictions or decisions expressed as outputs, rather than following strictly static program instructions.",69aae5128fce8e37dc8394d5_concept_1739585933216671867,related_concept,Unsupervised learning,2026-03-06 14:30:03.033,['Machine learning'],[],set(),set(),0,0.0,4.663897641090275e-305
193,538,Machine learning,,https://en.wikipedia.org/wiki/Machine learning,"Machine learning (ML) is a field of study in artificial intelligence concerned with the development and study of statistical algorithms that can learn from data and generalize to unseen data, and thus perform tasks without explicit instructions. Within a subdiscipline of machine learning, advances in the field of deep learning have allowed neural networks, a class of statistical algorithms, to surpass many previous machine learning approaches in performance.

Statistics and mathematical optimisation (mathematical programming) methods compose the foundations of machine learning. Data mining is a related field of study, focusing on exploratory data analysis (EDA) through unsupervised learning.
From a theoretical viewpoint, probably approximately correct learning provides a mathematical and statistical framework for describing machine learning. Most traditional machine learning and deep learning algorithms can be described as empirical risk minimisation under this framework.",69aae5128fce8e37dc8394d5_concept_6804713565700791577,related_concept,Unsupervised learning,2026-03-06 14:30:03.033,"['Statistic', 'Machine learning', 'Data mining']",[],set(),set(),0,0.0,4.570742526362136e-305
194,539,Kernel method,,https://en.wikipedia.org/wiki/Kernel method,"In machine learning, kernel machines are a class of algorithms for pattern analysis, whose best known member is the support-vector machine (SVM). These methods involve using linear classifiers to solve nonlinear problems. The general task of pattern analysis is to find and study general types of relations (for example clusters, rankings, principal components, correlations, classifications) in datasets. For many algorithms that solve these tasks, the data in raw representation have to be explicitly transformed into feature vector representations via a user-specified feature map: in contrast, kernel methods require only a user-specified kernel, i.e., a similarity function over all pairs of data points computed using inner products. The feature map in kernel machines is infinite dimensional but only requires a finite dimensional matrix from user-input according to the representer theorem. Kernel machines are slow to compute for datasets larger than a couple of thousand examples without parallel processing. 
Kernel methods  owe their name to the use of kernel functions, which enable them to operate in a high-dimensional, implicit feature space without ever computing the coordinates of the data in that space, but rather by simply computing the inner products between the images of all pairs of data in the feature space.  This operation is often computationally cheaper than the explicit computation of the coordinates.  This approach is called the ""kernel trick"". Kernel functions have been introduced for sequence data, graphs, text, images, as well as vectors.
Algorithms capable of operating with kernels include the kernel perceptron, support-vector machines (SVM), Gaussian processes, principal components analysis (PCA), canonical correlation analysis, ridge regression, spectral clustering, linear adaptive filters and many others.
Most kernel algorithms are based on convex optimization or eigenproblems and are statistically well-founded. Typically, their statistical properties are analyzed using statistical learning theory (for example, using Rademacher complexity).",69aae5128fce8e37dc8394d5_concept_8927594617712341698,related_concept,Unsupervised learning,2026-03-06 14:30:03.033,"['Algorithm', 'Kernel method']",[],set(),set(),0,0.0,0.8362888522874722
195,540,Hierarchical clustering,,https://en.wikipedia.org/wiki/Hierarchical clustering,"In data mining and statistics, hierarchical clustering (also called hierarchical cluster analysis or HCA) is a method of cluster analysis that seeks to build a hierarchy of clusters. Strategies for hierarchical clustering generally fall into two categories:

Agglomerative: Agglomerative clustering, often referred to as a ""bottom-up"" approach, begins with each data point as an individual cluster. At each step, the algorithm merges the two most similar clusters based on a chosen distance metric (e.g., Euclidean distance) and linkage criterion (e.g., single-linkage, complete-linkage). This process continues until all data points are combined into a single cluster or a stopping criterion is met. Agglomerative methods are more commonly used due to their simplicity and computational efficiency for small to medium-sized datasets.
Divisive: Divisive clustering, known as a ""top-down"" approach, starts with all data points in a single cluster and recursively splits the cluster into smaller ones. At each step, the algorithm selects a cluster and divides it into two or more subsets, often using a criterion such as maximizing the distance between resulting clusters. Divisive methods are less common but can be useful when the goal is to identify large, distinct clusters first.
In general, the merges and splits are determined in a greedy manner. The results of hierarchical clustering are usually presented in a dendrogram. 
Hierarchical clustering has the distinct advantage that any valid measure of distance can be used. In fact, the observations themselves are not required: all that is used is a matrix of distances. On the other hand, except for the special case of single-linkage distance, none of the algorithms (except exhaustive search in 
  
    
      
        
          
            O
          
        
        (
        
          2
          
            n
          
        
        )
      
    
    {\displaystyle {\mathcal {O}}(2^{n})}
  
) can be guaranteed to find the optimum solution.",69aae5128fce8e37dc8394d5_concept_1698604701465945862,related_concept,Unsupervised learning,2026-03-06 14:30:03.033,"['Euclidean distance', 'Hierarchical clustering']",[],set(),set(),0,0.0,0.9067584642187652
196,541,Data mining,,https://en.wikipedia.org/wiki/Data mining,"Data mining is the process of extracting and finding patterns in massive data sets involving methods at the intersection of machine learning, statistics, and database systems. Data mining is an interdisciplinary subfield of computer science and statistics with an overall goal of extracting information (with intelligent methods) from a data set and transforming the information into a comprehensible structure for further use. Data mining is the analysis step of the ""knowledge discovery in databases"" process, or KDD. Aside from the raw analysis step, it also involves database and data management aspects, data pre-processing, model and inference considerations, interestingness metrics, complexity considerations, post-processing of discovered structures, visualization, and online updating.
The term ""data mining"" is a misnomer because the goal is the extraction of patterns and knowledge from large amounts of data, not the extraction (mining) of data itself. It also is a buzzword and is frequently applied to any form of large-scale data or information processing (collection, extraction, warehousing, analysis, and statistics) as well as any application of computer decision support systems, including artificial intelligence (e.g., machine learning) and business intelligence. Often the more general terms (large scale) data analysis and analytics—or, when referring to actual methods, artificial intelligence and machine learning—are more appropriate.
The actual data mining task is the semi-automatic or automatic analysis of massive quantities of data to extract previously unknown, interesting patterns such as groups of data records (cluster analysis), unusual records (anomaly detection), and dependencies (association rule mining, sequential pattern mining). This usually involves using database techniques such as spatial indices. These patterns can then be seen as a kind of summary of the input data, and may be used in further analysis or, for example, in machine learning and predictive analytics. For example, the data mining step might identify multiple groups in the data, which can then be used to obtain more accurate prediction results by a decision support system. Neither the data collection, data preparation, nor result interpretation and reporting is part of the data mining step, although they do belong to the overall KDD process as additional steps.
The difference between data analysis and data mining is that data analysis is used to test models and hypotheses on the dataset, e.g., analyzing the effectiveness of a marketing campaign, regardless of the amount of data. In contrast, data mining uses machine learning and statistical models to uncover clandestine or hidden patterns in a large volume of data.
The related terms data dredging, data fishing, and data snooping refer to the use of data mining methods to sample parts of a larger population data set that are (or may be) too small for reliable statistical inferences to be made about the validity of any patterns discovered. These methods can, however, be used in creating new hypotheses to test against the larger data populations.",69aae5128fce8e37dc8394d5_concept_1910612292127097297,related_concept,Unsupervised learning,2026-03-06 14:30:03.033,['Data mining'],[],set(),set(),0,0.0,4.738242062418459e-305
197,542,Autoencoder,,https://en.wikipedia.org/wiki/Autoencoder,"An autoencoder is a type of artificial neural network used to learn efficient codings of unlabeled data (unsupervised learning). An autoencoder learns two functions: an encoding function that transforms the input data, and a decoding function that recreates the input data from the encoded representation. The autoencoder learns an efficient representation (encoding) for a set of data, typically for dimensionality reduction, to generate lower-dimensional embeddings for subsequent use by other machine learning algorithms.
Variants exist which aim to make the learned representations assume useful properties. Examples are regularized autoencoders (sparse, denoising and contractive autoencoders), which are effective in learning representations for subsequent classification tasks, and variational autoencoders, which can be used as generative models. Autoencoders are applied to many problems, including facial recognition, feature detection, anomaly detection, and learning the meaning of words. In terms of data synthesis, autoencoders can also be used to randomly generate new data that is similar to the input (training) data.",69aae5128fce8e37dc8394d5_concept_4836434150454169006,related_concept,Unsupervised learning,2026-03-06 14:30:03.033,['Autoencoder'],[],set(),set(),0,0.0,0.3944920602560073
198,543,Pattern recognition,,https://en.wikipedia.org/wiki/Pattern recognition,"Pattern recognition is the task of assigning a class to an observation based on patterns extracted from data. While similar, pattern recognition (PR) is not to be confused with pattern machines (PM) which may possess PR capabilities but their primary function is to distinguish and create emergent  patterns.   PR has applications in statistical data analysis, signal processing, image analysis, information retrieval, bioinformatics, data compression, computer graphics and machine learning. Pattern recognition has its origins in statistics and engineering; some modern approaches to pattern recognition include the use of machine learning, due to the increased availability of big data and a new abundance of processing power.
Pattern recognition systems are commonly trained from labeled ""training"" data. When no labeled data are available, other algorithms can be used to discover previously unknown patterns. KDD and data mining have a larger focus on unsupervised methods and stronger connection to business use. Pattern recognition focuses more on the signal and also takes acquisition and signal processing into consideration. It originated in engineering, and the term is popular in the context of computer vision: a leading computer vision conference is named Conference on Computer Vision and Pattern Recognition.
In machine learning, pattern recognition is the assignment of a label to a given input value. In statistics, discriminant analysis was introduced for this same purpose in 1936. An example of pattern recognition is classification, which attempts to assign each input value to one of a given set of classes (for example, determine whether a given email is ""spam""). Pattern recognition is a more general problem that encompasses other types of output as well. Other examples are regression, which assigns a real-valued output to each input; sequence labeling, which assigns a class to each member of a sequence of values (for example, part of speech tagging, which assigns a part of speech to each word in an input sentence); and parsing, which assigns a parse tree to an input sentence, describing the syntactic structure of the sentence.
Pattern recognition algorithms generally aim to provide a reasonable answer for all possible inputs and to perform ""most likely"" matching of the inputs, taking into account their statistical variation. This is opposed to pattern matching algorithms, which look for exact matches in the input with pre-existing patterns. A common example of a pattern-matching algorithm is regular expression matching, which looks for patterns of a given sort in textual data and is included in the search capabilities of many text editors and word processors.",69aae5128fce8e37dc8394d5_concept_4415423456405120853,related_concept,Unsupervised learning,2026-03-06 14:30:03.033,"['Computer', 'Pattern recognition']",[],set(),set(),0,0.0,0.7553665421945919
199,544,Supervised learning,,https://en.wikipedia.org/wiki/Supervised learning,"In machine learning, supervised learning (SL) is a type of machine learning paradigm where an algorithm learns to map input data to a specific output based on example input-output pairs. This process involves training a statistical model using labeled data, meaning each piece of input data is provided with the correct output. For instance, if you want a model to identify cats in images, supervised learning would involve feeding it many images of cats (inputs) that are explicitly labeled ""cat"" (outputs).
The goal of supervised learning is for the trained model to accurately predict the output for new, unseen data. This requires the algorithm to effectively generalize from the training examples, a quality measured by its generalization error. Supervised learning is commonly used for tasks like classification (predicting a category, e.g., spam or not spam) and regression (predicting a continuous value, e.g., house prices).",69aae5128fce8e37dc8394d5_concept_8342059785680300943,related_concept,Unsupervised learning,2026-03-06 14:30:03.033,['Supervised learning'],[],set(),set(),0,0.0,4.784296919088393e-305
200,545,Labeled data,,https://en.wikipedia.org/wiki/Labeled data,"Labeled data is a group of samples that have been tagged with one or more labels. Labeling typically takes a set of unlabeled data and augments each piece of it with informative tags called judgments. For example, a data label might indicate whether a photo contains a horse or a cow, which words were uttered in an audio recording, what type of action is being performed in a video, what the topic of a news article is, what the overall sentiment of a tweet is, or whether a dot in an X-ray is a tumor.
Labels can be obtained by having humans make judgments about a given piece of unlabeled data. Labeled data is significantly more expensive to obtain than the raw unlabeled data.
The quality of labeled data directly influences the performance of supervised machine learning models in operation, as these models learn from the provided labels.",69aae5128fce8e37dc8394d5_concept_1705223173801033276,related_concept,Unsupervised learning,2026-03-06 14:30:03.033,['Labeled data'],[],set(),set(),0,0.0,0.7725685486899269
201,546,K-means clustering,,https://en.wikipedia.org/wiki/K-means clustering,"k-means clustering is a method of vector quantization, originally from signal processing, that aims to partition n observations into k clusters in which each observation belongs to the cluster with the nearest mean (cluster centers or cluster centroid). This results in a partitioning of the data space into Voronoi cells. k-means clustering minimizes within-cluster variances (squared Euclidean distances), but not regular Euclidean distances, which would be the more difficult Weber problem: the mean optimizes squared errors, whereas only the geometric median minimizes Euclidean distances. For instance, better Euclidean solutions can be found using k-medians and k-medoids.
The problem is computationally difficult (NP-hard); however, efficient heuristic algorithms converge quickly to a local optimum. These are usually similar to the expectation–maximization algorithm for mixtures of Gaussian distributions via an iterative refinement approach employed by both k-means and Gaussian mixture modeling. They both use cluster centers to model the data; however, k-means clustering tends to find clusters of comparable spatial extent, while the Gaussian mixture model allows clusters to have different shapes.
The unsupervised k-means algorithm has a loose relationship to the k-nearest neighbor classifier, a popular supervised machine learning technique for classification that is often confused with k-means due to the name. Applying the 1-nearest neighbor classifier to the cluster centers obtained by k-means classifies new data into the existing clusters. This is known as nearest centroid classifier or Rocchio algorithm.",69aae5128fce8e37dc8394d5_concept_2263540598619613605,related_concept,Unsupervised learning,2026-03-06 14:30:03.033,['Euclidean distance'],[],set(),set(),0,0.0,0.9095227746489809
202,547,Unsupervised learning,,https://en.wikipedia.org/wiki/Unsupervised learning,"Unsupervised learning is a framework in machine learning where, in contrast to supervised learning, algorithms learn patterns exclusively from unlabeled data. Other frameworks in the spectrum of supervisions include weak- or semi-supervision, where a small portion of the data is tagged, and self-supervision. Some researchers consider self-supervised learning a form of unsupervised learning.
Conceptually, unsupervised learning divides into the aspects of data, training, algorithm, and downstream applications. Typically, the dataset is harvested cheaply ""in the wild"", such as massive text corpus obtained by web crawling, with only minor filtering (such as Common Crawl). This compares favorably to supervised learning, where the dataset (such as the ImageNet1000) is typically constructed manually, which is much more expensive.
There are algorithms designed specifically for unsupervised learning, such as clustering algorithms like k-means, dimensionality reduction techniques like principal component analysis (PCA), Boltzmann machine learning, and autoencoders. After the rise of deep learning, most large-scale unsupervised learning has been done by training general-purpose neural network architectures by gradient descent, adapted to performing unsupervised learning by designing an appropriate training procedure.
Sometimes a trained model can be used as-is, but more often they are modified for downstream applications. For example, the generative pretraining method trains a model to generate a textual dataset, before finetuning it for other applications, such as text classification. As another example, autoencoders are trained to produce good features, which can then be used as a module for other models, such as in a latent diffusion model.",69aae5128fce8e37dc8394d5_concept_5395387432238411930,main_concept,,2026-03-06 14:30:03.033,['Unsupervised learning'],[],set(),set(),0,0.0,4.432637743556606e-305
